sentence,token,predicted_POS,predicted_NER
"بداية الحركة التنويرية في أوروبا (الدراسات التاريخية):
بعد ظهور تقنية دراسة الوثائق وألفاظها على يد المؤرخ الألماني ليوبولد فون رانكه (1886)، وإسهامه بشكل رئيس في إدخال علم التاريخ إلى الجامعات الأوروبية كتخصص مستقل بذاته، وتشديده على التفريق بين المصادر والمراجع أدى ذلك إلى اعتبار علم التاريخ علمًا تطبيقيًا كسائر العلوم التطبيقية.",أوروبا,noun,B-LOC
"بداية الحركة التنويرية في أوروبا (الدراسات التاريخية):
بعد ظهور تقنية دراسة الوثائق وألفاظها على يد المؤرخ الألماني ليوبولد فون رانكه (1886)، وإسهامه بشكل رئيس في إدخال علم التاريخ إلى الجامعات الأوروبية كتخصص مستقل بذاته، وتشديده على التفريق بين المصادر والمراجع أدى ذلك إلى اعتبار علم التاريخ علمًا تطبيقيًا كسائر العلوم التطبيقية.",ليو,noun,B-PERS
"بداية الحركة التنويرية في أوروبا (الدراسات التاريخية):
بعد ظهور تقنية دراسة الوثائق وألفاظها على يد المؤرخ الألماني ليوبولد فون رانكه (1886)، وإسهامه بشكل رئيس في إدخال علم التاريخ إلى الجامعات الأوروبية كتخصص مستقل بذاته، وتشديده على التفريق بين المصادر والمراجع أدى ذلك إلى اعتبار علم التاريخ علمًا تطبيقيًا كسائر العلوم التطبيقية.",##بول,adj,I-PERS
"بداية الحركة التنويرية في أوروبا (الدراسات التاريخية):
بعد ظهور تقنية دراسة الوثائق وألفاظها على يد المؤرخ الألماني ليوبولد فون رانكه (1886)، وإسهامه بشكل رئيس في إدخال علم التاريخ إلى الجامعات الأوروبية كتخصص مستقل بذاته، وتشديده على التفريق بين المصادر والمراجع أدى ذلك إلى اعتبار علم التاريخ علمًا تطبيقيًا كسائر العلوم التطبيقية.",##د,adj,I-PERS
"بداية الحركة التنويرية في أوروبا (الدراسات التاريخية):
بعد ظهور تقنية دراسة الوثائق وألفاظها على يد المؤرخ الألماني ليوبولد فون رانكه (1886)، وإسهامه بشكل رئيس في إدخال علم التاريخ إلى الجامعات الأوروبية كتخصص مستقل بذاته، وتشديده على التفريق بين المصادر والمراجع أدى ذلك إلى اعتبار علم التاريخ علمًا تطبيقيًا كسائر العلوم التطبيقية.",فون,adj,I-PERS
"بداية الحركة التنويرية في أوروبا (الدراسات التاريخية):
بعد ظهور تقنية دراسة الوثائق وألفاظها على يد المؤرخ الألماني ليوبولد فون رانكه (1886)، وإسهامه بشكل رئيس في إدخال علم التاريخ إلى الجامعات الأوروبية كتخصص مستقل بذاته، وتشديده على التفريق بين المصادر والمراجع أدى ذلك إلى اعتبار علم التاريخ علمًا تطبيقيًا كسائر العلوم التطبيقية.",را,prep,I-PERS
"بداية الحركة التنويرية في أوروبا (الدراسات التاريخية):
بعد ظهور تقنية دراسة الوثائق وألفاظها على يد المؤرخ الألماني ليوبولد فون رانكه (1886)، وإسهامه بشكل رئيس في إدخال علم التاريخ إلى الجامعات الأوروبية كتخصص مستقل بذاته، وتشديده على التفريق بين المصادر والمراجع أدى ذلك إلى اعتبار علم التاريخ علمًا تطبيقيًا كسائر العلوم التطبيقية.",##نك,noun_prop,I-PERS
"بداية الحركة التنويرية في أوروبا (الدراسات التاريخية):
بعد ظهور تقنية دراسة الوثائق وألفاظها على يد المؤرخ الألماني ليوبولد فون رانكه (1886)، وإسهامه بشكل رئيس في إدخال علم التاريخ إلى الجامعات الأوروبية كتخصص مستقل بذاته، وتشديده على التفريق بين المصادر والمراجع أدى ذلك إلى اعتبار علم التاريخ علمًا تطبيقيًا كسائر العلوم التطبيقية.",##ه,punc,I-PERS
"التاريخ
يعود تاريخها إلى زمن بعيد عندما حاول أبرهة الحبشي هدم الكعبة وتحويل مسار الحج إلى مملكته، وعندما وصل أبرهة إلى منطقة خثعم طلب منه سكانها حفر آبار لهم حتى يأذنوا له بالمرور، وذلك لإضعاف جيشه قبل وصوله إلى مكة.",أبر,noun,B-PERS
"التاريخ
يعود تاريخها إلى زمن بعيد عندما حاول أبرهة الحبشي هدم الكعبة وتحويل مسار الحج إلى مملكته، وعندما وصل أبرهة إلى منطقة خثعم طلب منه سكانها حفر آبار لهم حتى يأذنوا له بالمرور، وذلك لإضعاف جيشه قبل وصوله إلى مكة.",##ه,verb,I-PERS
"التاريخ
يعود تاريخها إلى زمن بعيد عندما حاول أبرهة الحبشي هدم الكعبة وتحويل مسار الحج إلى مملكته، وعندما وصل أبرهة إلى منطقة خثعم طلب منه سكانها حفر آبار لهم حتى يأذنوا له بالمرور، وذلك لإضعاف جيشه قبل وصوله إلى مكة.",##ة,noun,I-PERS
"التاريخ
يعود تاريخها إلى زمن بعيد عندما حاول أبرهة الحبشي هدم الكعبة وتحويل مسار الحج إلى مملكته، وعندما وصل أبرهة إلى منطقة خثعم طلب منه سكانها حفر آبار لهم حتى يأذنوا له بالمرور، وذلك لإضعاف جيشه قبل وصوله إلى مكة.",الحب,prep,I-PERS
"التاريخ
يعود تاريخها إلى زمن بعيد عندما حاول أبرهة الحبشي هدم الكعبة وتحويل مسار الحج إلى مملكته، وعندما وصل أبرهة إلى منطقة خثعم طلب منه سكانها حفر آبار لهم حتى يأذنوا له بالمرور، وذلك لإضعاف جيشه قبل وصوله إلى مكة.",الكعبة,noun,B-MISC
"التاريخ
يعود تاريخها إلى زمن بعيد عندما حاول أبرهة الحبشي هدم الكعبة وتحويل مسار الحج إلى مملكته، وعندما وصل أبرهة إلى منطقة خثعم طلب منه سكانها حفر آبار لهم حتى يأذنوا له بالمرور، وذلك لإضعاف جيشه قبل وصوله إلى مكة.",أبر,adj,B-PERS
"التاريخ
يعود تاريخها إلى زمن بعيد عندما حاول أبرهة الحبشي هدم الكعبة وتحويل مسار الحج إلى مملكته، وعندما وصل أبرهة إلى منطقة خثعم طلب منه سكانها حفر آبار لهم حتى يأذنوا له بالمرور، وذلك لإضعاف جيشه قبل وصوله إلى مكة.",##ه,noun,I-PERS
"التاريخ
يعود تاريخها إلى زمن بعيد عندما حاول أبرهة الحبشي هدم الكعبة وتحويل مسار الحج إلى مملكته، وعندما وصل أبرهة إلى منطقة خثعم طلب منه سكانها حفر آبار لهم حتى يأذنوا له بالمرور، وذلك لإضعاف جيشه قبل وصوله إلى مكة.",##ة,verb,I-PERS
"التاريخ
يعود تاريخها إلى زمن بعيد عندما حاول أبرهة الحبشي هدم الكعبة وتحويل مسار الحج إلى مملكته، وعندما وصل أبرهة إلى منطقة خثعم طلب منه سكانها حفر آبار لهم حتى يأذنوا له بالمرور، وذلك لإضعاف جيشه قبل وصوله إلى مكة.",خ,noun_prop,B-LOC
"التاريخ
يعود تاريخها إلى زمن بعيد عندما حاول أبرهة الحبشي هدم الكعبة وتحويل مسار الحج إلى مملكته، وعندما وصل أبرهة إلى منطقة خثعم طلب منه سكانها حفر آبار لهم حتى يأذنوا له بالمرور، وذلك لإضعاف جيشه قبل وصوله إلى مكة.",##ث,noun_prop,I-LOC
"التاريخ
يعود تاريخها إلى زمن بعيد عندما حاول أبرهة الحبشي هدم الكعبة وتحويل مسار الحج إلى مملكته، وعندما وصل أبرهة إلى منطقة خثعم طلب منه سكانها حفر آبار لهم حتى يأذنوا له بالمرور، وذلك لإضعاف جيشه قبل وصوله إلى مكة.",مكة,noun_prop,B-LOC
ومرت كلمة التاريخ بتطورات عديدة في الثقافة العربية، فقد بدأت بمعنى التقويم والتوقيت في صدر الإسلام، واحتفظت بهذا المعنى لفترة، ثم صارت بمعنى آخر وهو تسجيل الأحداث على أساس الزمن، لتحل كلمة «التاريخ» تدريجيا محل ما كان.,الإسلام,verb,B-MISC
وانسحب هذا الجدل اللغوي إلى اللغة العربية بالتساؤل ذاته -هل التاريخ علم أم فن؟- وقد بحث بعض المؤرخين العرب عن لفظ في المصادر التاريخية يعكس هذا الاتجاه، فوجدوا ضالتهم عند ابن خلدون في المقدمة لكتابه العبر: «أما بعد فإن فن التاريخ من الفنون التي تتداوله الأمم والأجيال..»، واعتقد أولئك المؤرخون أن الفن في اللغة العربية مساو لكمة ART وليس من العلوم كما هي الحال في اللغة الإنجليزية.,ابن,verb,B-PERS
وانسحب هذا الجدل اللغوي إلى اللغة العربية بالتساؤل ذاته -هل التاريخ علم أم فن؟- وقد بحث بعض المؤرخين العرب عن لفظ في المصادر التاريخية يعكس هذا الاتجاه، فوجدوا ضالتهم عند ابن خلدون في المقدمة لكتابه العبر: «أما بعد فإن فن التاريخ من الفنون التي تتداوله الأمم والأجيال..»، واعتقد أولئك المؤرخون أن الفن في اللغة العربية مساو لكمة ART وليس من العلوم كما هي الحال في اللغة الإنجليزية.,خلدون,noun,I-PERS
وانسحب هذا الجدل اللغوي إلى اللغة العربية بالتساؤل ذاته -هل التاريخ علم أم فن؟- وقد بحث بعض المؤرخين العرب عن لفظ في المصادر التاريخية يعكس هذا الاتجاه، فوجدوا ضالتهم عند ابن خلدون في المقدمة لكتابه العبر: «أما بعد فإن فن التاريخ من الفنون التي تتداوله الأمم والأجيال..»، واعتقد أولئك المؤرخون أن الفن في اللغة العربية مساو لكمة ART وليس من العلوم كما هي الحال في اللغة الإنجليزية.,AR,pron_dem,B-ORG
"وإذا كان في تعريف الكافيجي شيء من البعد الاجتماعي (كظهور ملة)، فإن في تعريف السخاوي للتاريخ مسحة ثقافية واجتماعية واضحة، فهو يقول: ""وفي الاصطلاح التعريف بالوقت الذي تضبط به الأحوال، من مولد الرواة والأئمة ووفاة وصحة، وعقل وبدن، ورحلة وحج، وحفظ وضبط، وتوثيق وتجريح، وما أشبه هذا مما مرجعه الفحص عن أحوالهم في ابتدائهم وحالهم واستقبالهم...).",الكافي,conj_sub,B-PERS
"وإذا كان في تعريف الكافيجي شيء من البعد الاجتماعي (كظهور ملة)، فإن في تعريف السخاوي للتاريخ مسحة ثقافية واجتماعية واضحة، فهو يقول: ""وفي الاصطلاح التعريف بالوقت الذي تضبط به الأحوال، من مولد الرواة والأئمة ووفاة وصحة، وعقل وبدن، ورحلة وحج، وحفظ وضبط، وتوثيق وتجريح، وما أشبه هذا مما مرجعه الفحص عن أحوالهم في ابتدائهم وحالهم واستقبالهم...).",السخ,verb,B-PERS
"وإذا كان في تعريف الكافيجي شيء من البعد الاجتماعي (كظهور ملة)، فإن في تعريف السخاوي للتاريخ مسحة ثقافية واجتماعية واضحة، فهو يقول: ""وفي الاصطلاح التعريف بالوقت الذي تضبط به الأحوال، من مولد الرواة والأئمة ووفاة وصحة، وعقل وبدن، ورحلة وحج، وحفظ وضبط، وتوثيق وتجريح، وما أشبه هذا مما مرجعه الفحص عن أحوالهم في ابتدائهم وحالهم واستقبالهم...).",##اوي,prep,B-PERS
ومنها قول ابن خلدون: «المقدمة في فضل علم التاريخ وتحقيق مذاهبه...»، وقال: «فإن فن التاريخ من الفنون التي تتداوله الأمم والأجيال».,ابن,prep,B-PERS
ومنها قول ابن خلدون: «المقدمة في فضل علم التاريخ وتحقيق مذاهبه...»، وقال: «فإن فن التاريخ من الفنون التي تتداوله الأمم والأجيال».,خلدون,noun,I-PERS
"والكافيجي يعرفه بأنه: ""هو تعيين الوقت لينسب إليه زمان مطلقا، سواء كان قد مضى أو كان حاضرا أو سيأتي..""، ثم يعطي الكافيجي بعدا حضاريا للتاريخ ضمن استطراده لتعريف التاريخ، فيقول: ""وقيل: التاريخ تعريف الوقت"" بإسناده إلى أول حدوث أمر شائع، كظهور ملة، أو وقوع حادثة هائلة، من طوفان أو زلزلة عظيمة"".",والك,noun_prop,B-PERS
"والكافيجي يعرفه بأنه: ""هو تعيين الوقت لينسب إليه زمان مطلقا، سواء كان قد مضى أو كان حاضرا أو سيأتي..""، ثم يعطي الكافيجي بعدا حضاريا للتاريخ ضمن استطراده لتعريف التاريخ، فيقول: ""وقيل: التاريخ تعريف الوقت"" بإسناده إلى أول حدوث أمر شائع، كظهور ملة، أو وقوع حادثة هائلة، من طوفان أو زلزلة عظيمة"".",##افي,noun_prop,B-PERS
"والكافيجي يعرفه بأنه: ""هو تعيين الوقت لينسب إليه زمان مطلقا، سواء كان قد مضى أو كان حاضرا أو سيأتي..""، ثم يعطي الكافيجي بعدا حضاريا للتاريخ ضمن استطراده لتعريف التاريخ، فيقول: ""وقيل: التاريخ تعريف الوقت"" بإسناده إلى أول حدوث أمر شائع، كظهور ملة، أو وقوع حادثة هائلة، من طوفان أو زلزلة عظيمة"".",##جي,noun_prop,B-PERS
"والكافيجي يعرفه بأنه: ""هو تعيين الوقت لينسب إليه زمان مطلقا، سواء كان قد مضى أو كان حاضرا أو سيأتي..""، ثم يعطي الكافيجي بعدا حضاريا للتاريخ ضمن استطراده لتعريف التاريخ، فيقول: ""وقيل: التاريخ تعريف الوقت"" بإسناده إلى أول حدوث أمر شائع، كظهور ملة، أو وقوع حادثة هائلة، من طوفان أو زلزلة عظيمة"".",الكافي,verb,B-PERS
"والكافيجي يعرفه بأنه: ""هو تعيين الوقت لينسب إليه زمان مطلقا، سواء كان قد مضى أو كان حاضرا أو سيأتي..""، ثم يعطي الكافيجي بعدا حضاريا للتاريخ ضمن استطراده لتعريف التاريخ، فيقول: ""وقيل: التاريخ تعريف الوقت"" بإسناده إلى أول حدوث أمر شائع، كظهور ملة، أو وقوع حادثة هائلة، من طوفان أو زلزلة عظيمة"".",##جي,conj_sub,B-PERS
وحقيقته كما قال (ابن خلدون): «أنه خبر عن الاجتماع الإنساني الذي هو عمران العالم، وما يعرض لطبيعة ذلك العمران من الأحوال، مثل التوحش والتأنس، والعصبيات، وأصناف التغلبات للبشر بعضهم على بعض، وما ينشأ عن ذلك من الملك والدول ومراتبها، وما ينتحله البشر بأعمالهم ومساعيهم من الكسب والمعاش والعلوم والصنائع، وسائر ما يحدث في ذلك العمران بطبيعته من الأحوال» (المقدمة ص57).,ابن,noun,B-PERS
وحقيقته كما قال (ابن خلدون): «أنه خبر عن الاجتماع الإنساني الذي هو عمران العالم، وما يعرض لطبيعة ذلك العمران من الأحوال، مثل التوحش والتأنس، والعصبيات، وأصناف التغلبات للبشر بعضهم على بعض، وما ينشأ عن ذلك من الملك والدول ومراتبها، وما ينتحله البشر بأعمالهم ومساعيهم من الكسب والمعاش والعلوم والصنائع، وسائر ما يحدث في ذلك العمران بطبيعته من الأحوال» (المقدمة ص57).,خلدون,noun,I-PERS
في شرق آسيا، كان من المعروف أن تاريخ الدولة، «سجلات الربيع والخريف»، تم تجميعه منذ عام 722 قبل الميلاد، على الرغم من أن نصوص القرن الثاني قبل الميلاد فقط قد نجت.,آسيا,prep,B-LOC
وفي ستينيات القرن العشرين، بدأ مؤرخو أوروبا بالتوجه مرة أخرى إلى علمية التاريخ بأسلوب جديد تمثل في تضمين العلوم الأخرى كتخصصات فرعية في التاريخ، ومن أشهرهم إدوارد هاليت كار.,أوروبا,prep,B-LOC
وفي ستينيات القرن العشرين، بدأ مؤرخو أوروبا بالتوجه مرة أخرى إلى علمية التاريخ بأسلوب جديد تمثل في تضمين العلوم الأخرى كتخصصات فرعية في التاريخ، ومن أشهرهم إدوارد هاليت كار.,إد,noun,B-PERS
وفي ستينيات القرن العشرين، بدأ مؤرخو أوروبا بالتوجه مرة أخرى إلى علمية التاريخ بأسلوب جديد تمثل في تضمين العلوم الأخرى كتخصصات فرعية في التاريخ، ومن أشهرهم إدوارد هاليت كار.,##وارد,noun,I-PERS
وفي ستينيات القرن العشرين، بدأ مؤرخو أوروبا بالتوجه مرة أخرى إلى علمية التاريخ بأسلوب جديد تمثل في تضمين العلوم الأخرى كتخصصات فرعية في التاريخ، ومن أشهرهم إدوارد هاليت كار.,هال,noun,I-PERS
وفي ستينيات القرن العشرين، بدأ مؤرخو أوروبا بالتوجه مرة أخرى إلى علمية التاريخ بأسلوب جديد تمثل في تضمين العلوم الأخرى كتخصصات فرعية في التاريخ، ومن أشهرهم إدوارد هاليت كار.,##يت,adj_num,I-PERS
وفي ستينيات القرن العشرين، بدأ مؤرخو أوروبا بالتوجه مرة أخرى إلى علمية التاريخ بأسلوب جديد تمثل في تضمين العلوم الأخرى كتخصصات فرعية في التاريخ، ومن أشهرهم إدوارد هاليت كار.,كار,adj,I-PERS
وهذه الازدواجية في الاستعمال أدت إلى خلط في فهم معنى اللفظ، ويقول الدكتور قاسم عبده أن هناك تفريق شائع «بين كلمة التاريخ كتعبير دال على مسيرة الإنسان الحضارية على سطح كوكب الأرض منذ الأزل، وعبارة تدوين التاريخ كتعبير عن العملية الفكرية الإنشائية التي تحاول بإعادة تسجيل وبناء وتفسير الإنسان على كوكبه».,قاسم,pron_dem,B-PERS
وهذه الازدواجية في الاستعمال أدت إلى خلط في فهم معنى اللفظ، ويقول الدكتور قاسم عبده أن هناك تفريق شائع «بين كلمة التاريخ كتعبير دال على مسيرة الإنسان الحضارية على سطح كوكب الأرض منذ الأزل، وعبارة تدوين التاريخ كتعبير عن العملية الفكرية الإنشائية التي تحاول بإعادة تسجيل وبناء وتفسير الإنسان على كوكبه».,عبده,noun,I-PERS
تستمر قراءة أعمالهم اليوم، وتبقى الفجوة بين هيرودوت التي تركز على الثقافة وثوسيديديس التي تركز على الجيش نقطة خلاف أو مقاربة في الكتابة التاريخية الحديثة.,هير,verb,B-PERS
تستمر قراءة أعمالهم اليوم، وتبقى الفجوة بين هيرودوت التي تركز على الثقافة وثوسيديديس التي تركز على الجيش نقطة خلاف أو مقاربة في الكتابة التاريخية الحديثة.,##ودو,noun,B-PERS
تستمر قراءة أعمالهم اليوم، وتبقى الفجوة بين هيرودوت التي تركز على الثقافة وثوسيديديس التي تركز على الجيش نقطة خلاف أو مقاربة في الكتابة التاريخية الحديثة.,##ت,noun,B-PERS
تستمر قراءة أعمالهم اليوم، وتبقى الفجوة بين هيرودوت التي تركز على الثقافة وثوسيديديس التي تركز على الجيش نقطة خلاف أو مقاربة في الكتابة التاريخية الحديثة.,وث,noun,B-PERS
تستمر قراءة أعمالهم اليوم، وتبقى الفجوة بين هيرودوت التي تركز على الثقافة وثوسيديديس التي تركز على الجيش نقطة خلاف أو مقاربة في الكتابة التاريخية الحديثة.,##وسي,adj,B-PERS
تستمر قراءة أعمالهم اليوم، وتبقى الفجوة بين هيرودوت التي تركز على الثقافة وثوسيديديس التي تركز على الجيش نقطة خلاف أو مقاربة في الكتابة التاريخية الحديثة.,##ديد,verb,B-PERS
تستمر قراءة أعمالهم اليوم، وتبقى الفجوة بين هيرودوت التي تركز على الثقافة وثوسيديديس التي تركز على الجيش نقطة خلاف أو مقاربة في الكتابة التاريخية الحديثة.,##يس,verb,I-PERS
وعليه فالفن في اللغة العربية غير مماثل لكلمة ART في المعنى، وهو يعني ضرب، أي نوع من العلوم، فالعلم في اللغة العربية نقيض الجهل.,AR,prep,B-ORG
وفي ذلك يقول هيربرت آدمز«: تطوّر من حاضنة للعقائد، إلى مختبر للحقائق العلمية»، ورغم ذلك استمر الجدل حول علمية التاريخ إلى عشرينيات القرن العشرين الميلادي، وظهر خلال النقاش الحاد بين كبار مؤرخي أوروبا الأكاديميين حول موضوع أصل الحروب، ودعمهم جميعًا لأجندات حكوماتهم بأساليب بعيدة عن الأساليب العلمية التي نادوا بها من قبل.,هير,prep,B-PERS
وفي ذلك يقول هيربرت آدمز«: تطوّر من حاضنة للعقائد، إلى مختبر للحقائق العلمية»، ورغم ذلك استمر الجدل حول علمية التاريخ إلى عشرينيات القرن العشرين الميلادي، وظهر خلال النقاش الحاد بين كبار مؤرخي أوروبا الأكاديميين حول موضوع أصل الحروب، ودعمهم جميعًا لأجندات حكوماتهم بأساليب بعيدة عن الأساليب العلمية التي نادوا بها من قبل.,##برت,pron_dem,I-PERS
وفي ذلك يقول هيربرت آدمز«: تطوّر من حاضنة للعقائد، إلى مختبر للحقائق العلمية»، ورغم ذلك استمر الجدل حول علمية التاريخ إلى عشرينيات القرن العشرين الميلادي، وظهر خلال النقاش الحاد بين كبار مؤرخي أوروبا الأكاديميين حول موضوع أصل الحروب، ودعمهم جميعًا لأجندات حكوماتهم بأساليب بعيدة عن الأساليب العلمية التي نادوا بها من قبل.,آدم,verb,I-PERS
وفي ذلك يقول هيربرت آدمز«: تطوّر من حاضنة للعقائد، إلى مختبر للحقائق العلمية»، ورغم ذلك استمر الجدل حول علمية التاريخ إلى عشرينيات القرن العشرين الميلادي، وظهر خلال النقاش الحاد بين كبار مؤرخي أوروبا الأكاديميين حول موضوع أصل الحروب، ودعمهم جميعًا لأجندات حكوماتهم بأساليب بعيدة عن الأساليب العلمية التي نادوا بها من قبل.,##ز,noun_prop,I-PERS
وفي ذلك يقول هيربرت آدمز«: تطوّر من حاضنة للعقائد، إلى مختبر للحقائق العلمية»، ورغم ذلك استمر الجدل حول علمية التاريخ إلى عشرينيات القرن العشرين الميلادي، وظهر خلال النقاش الحاد بين كبار مؤرخي أوروبا الأكاديميين حول موضوع أصل الحروب، ودعمهم جميعًا لأجندات حكوماتهم بأساليب بعيدة عن الأساليب العلمية التي نادوا بها من قبل.,أوروبا,noun_prop,B-LOC
"Ce qu'on ne vous a pas dit à l'école, Le Rocher, 2012
Guy، Bourdé؛ Hervé، Martin (1997) [1982, Rennes, Université de Haute-Bretagne].",Le,noun_prop,B-LOC
"Ce qu'on ne vous a pas dit à l'école, Le Rocher, 2012
Guy، Bourdé؛ Hervé، Martin (1997) [1982, Rennes, Université de Haute-Bretagne].",R,punc,I-LOC
"Ce qu'on ne vous a pas dit à l'école, Le Rocher, 2012
Guy، Bourdé؛ Hervé، Martin (1997) [1982, Rennes, Université de Haute-Bretagne].",##oc,noun_prop,I-LOC
"Ce qu'on ne vous a pas dit à l'école, Le Rocher, 2012
Guy، Bourdé؛ Hervé، Martin (1997) [1982, Rennes, Université de Haute-Bretagne].",##he,punc,I-LOC
"Ce qu'on ne vous a pas dit à l'école, Le Rocher, 2012
Guy، Bourdé؛ Hervé، Martin (1997) [1982, Rennes, Université de Haute-Bretagne].",##r,punc,I-LOC
"Ce qu'on ne vous a pas dit à l'école, Le Rocher, 2012
Guy، Bourdé؛ Hervé، Martin (1997) [1982, Rennes, Université de Haute-Bretagne].",Gu,noun,B-PERS
"Ce qu'on ne vous a pas dit à l'école, Le Rocher, 2012
Guy، Bourdé؛ Hervé، Martin (1997) [1982, Rennes, Université de Haute-Bretagne].",##y,noun,B-PERS
"Ce qu'on ne vous a pas dit à l'école, Le Rocher, 2012
Guy، Bourdé؛ Hervé، Martin (1997) [1982, Rennes, Université de Haute-Bretagne].",B,noun,B-PERS
"Ce qu'on ne vous a pas dit à l'école, Le Rocher, 2012
Guy، Bourdé؛ Hervé، Martin (1997) [1982, Rennes, Université de Haute-Bretagne].",##our,noun_prop,I-PERS
"Ce qu'on ne vous a pas dit à l'école, Le Rocher, 2012
Guy، Bourdé؛ Hervé، Martin (1997) [1982, Rennes, Université de Haute-Bretagne].",##d,punc,I-PERS
"Ce qu'on ne vous a pas dit à l'école, Le Rocher, 2012
Guy، Bourdé؛ Hervé، Martin (1997) [1982, Rennes, Université de Haute-Bretagne].",##é,punc,I-PERS
"Ce qu'on ne vous a pas dit à l'école, Le Rocher, 2012
Guy، Bourdé؛ Hervé، Martin (1997) [1982, Rennes, Université de Haute-Bretagne].",H,noun,B-PERS
"Ce qu'on ne vous a pas dit à l'école, Le Rocher, 2012
Guy، Bourdé؛ Hervé، Martin (1997) [1982, Rennes, Université de Haute-Bretagne].",##erv,punc,B-PERS
"Ce qu'on ne vous a pas dit à l'école, Le Rocher, 2012
Guy، Bourdé؛ Hervé، Martin (1997) [1982, Rennes, Université de Haute-Bretagne].",##é,noun,I-PERS
"Ce qu'on ne vous a pas dit à l'école, Le Rocher, 2012
Guy، Bourdé؛ Hervé، Martin (1997) [1982, Rennes, Université de Haute-Bretagne].",Mar,punc,B-PERS
"Ce qu'on ne vous a pas dit à l'école, Le Rocher, 2012
Guy، Bourdé؛ Hervé، Martin (1997) [1982, Rennes, Université de Haute-Bretagne].",##t,punc,B-PERS
"Ce qu'on ne vous a pas dit à l'école, Le Rocher, 2012
Guy، Bourdé؛ Hervé، Martin (1997) [1982, Rennes, Université de Haute-Bretagne].",##in,punc,I-PERS
"Ce qu'on ne vous a pas dit à l'école, Le Rocher, 2012
Guy، Bourdé؛ Hervé، Martin (1997) [1982, Rennes, Université de Haute-Bretagne].",Re,adj,B-LOC
"Ce qu'on ne vous a pas dit à l'école, Le Rocher, 2012
Guy، Bourdé؛ Hervé، Martin (1997) [1982, Rennes, Université de Haute-Bretagne].",##n,punc,B-LOC
"Ce qu'on ne vous a pas dit à l'école, Le Rocher, 2012
Guy، Bourdé؛ Hervé، Martin (1997) [1982, Rennes, Université de Haute-Bretagne].",##ne,adj,I-LOC
"Ce qu'on ne vous a pas dit à l'école, Le Rocher, 2012
Guy، Bourdé؛ Hervé، Martin (1997) [1982, Rennes, Université de Haute-Bretagne].",Un,punc,B-ORG
"Ce qu'on ne vous a pas dit à l'école, Le Rocher, 2012
Guy، Bourdé؛ Hervé، Martin (1997) [1982, Rennes, Université de Haute-Bretagne].",##é,punc,I-ORG
"Ce qu'on ne vous a pas dit à l'école, Le Rocher, 2012
Guy، Bourdé؛ Hervé، Martin (1997) [1982, Rennes, Université de Haute-Bretagne].",H,noun,B-LOC
"Ce qu'on ne vous a pas dit à l'école, Le Rocher, 2012
Guy، Bourdé؛ Hervé، Martin (1997) [1982, Rennes, Université de Haute-Bretagne].",##a,noun_prop,B-LOC
"Ce qu'on ne vous a pas dit à l'école, Le Rocher, 2012
Guy، Bourdé؛ Hervé، Martin (1997) [1982, Rennes, Université de Haute-Bretagne].",##ut,noun,I-LOC
"Ce qu'on ne vous a pas dit à l'école, Le Rocher, 2012
Guy، Bourdé؛ Hervé، Martin (1997) [1982, Rennes, Université de Haute-Bretagne].",##e,adj,I-LOC
"Ce qu'on ne vous a pas dit à l'école, Le Rocher, 2012
Guy، Bourdé؛ Hervé، Martin (1997) [1982, Rennes, Université de Haute-Bretagne].",B,noun_prop,B-LOC
"Ce qu'on ne vous a pas dit à l'école, Le Rocher, 2012
Guy، Bourdé؛ Hervé، Martin (1997) [1982, Rennes, Université de Haute-Bretagne].",##re,punc,B-LOC
"Ce qu'on ne vous a pas dit à l'école, Le Rocher, 2012
Guy، Bourdé؛ Hervé، Martin (1997) [1982, Rennes, Université de Haute-Bretagne].",##t,digit,I-LOC
"Ce qu'on ne vous a pas dit à l'école, Le Rocher, 2012
Guy، Bourdé؛ Hervé، Martin (1997) [1982, Rennes, Université de Haute-Bretagne].",##ag,noun,I-LOC
"Ce qu'on ne vous a pas dit à l'école, Le Rocher, 2012
Guy، Bourdé؛ Hervé، Martin (1997) [1982, Rennes, Université de Haute-Bretagne].",##ne,noun_prop,I-LOC
"سبب الجدل اللغوي:
لماذا لم ينتقل الجدل إلى اللغة العربية؟ ولماذا لا ينبغي لنا في عالمنا العربي الخوض في التفضيل بين لفظتي علم أو فن أصلاً؟
يشير إدوارد كار إلى منشأ الجدل اللغوي بقوله:«هذا السؤال الاصطلاحي هو بسبب شذوذ في اللغة الإنجليزية».",إد,noun,B-PERS
"سبب الجدل اللغوي:
لماذا لم ينتقل الجدل إلى اللغة العربية؟ ولماذا لا ينبغي لنا في عالمنا العربي الخوض في التفضيل بين لفظتي علم أو فن أصلاً؟
يشير إدوارد كار إلى منشأ الجدل اللغوي بقوله:«هذا السؤال الاصطلاحي هو بسبب شذوذ في اللغة الإنجليزية».",##وارد,noun,I-PERS
"سبب الجدل اللغوي:
لماذا لم ينتقل الجدل إلى اللغة العربية؟ ولماذا لا ينبغي لنا في عالمنا العربي الخوض في التفضيل بين لفظتي علم أو فن أصلاً؟
يشير إدوارد كار إلى منشأ الجدل اللغوي بقوله:«هذا السؤال الاصطلاحي هو بسبب شذوذ في اللغة الإنجليزية».",كار,adj,I-PERS
"أدباء سياسيين عرب
من أشهر نتاج الأدب السياسي العربي وأصحابه شعر الشاعر السياسي أحمد مطر الأول في العربية، نجيب محفوظ، وعبد الرحمن منيف، ونزار قباني، وبدوي الجبل، وحميدة قطب، وأمينة قطب، ومحمد الحسناوي، والحمامصي، وحسن عشماوي، والزبيري، وشريف الرأس، والماغوط، وونوس، وكان من أجمل ما كتبوه هو أدبهم السياسي.",أحمد,noun,B-PERS
"أدباء سياسيين عرب
من أشهر نتاج الأدب السياسي العربي وأصحابه شعر الشاعر السياسي أحمد مطر الأول في العربية، نجيب محفوظ، وعبد الرحمن منيف، ونزار قباني، وبدوي الجبل، وحميدة قطب، وأمينة قطب، ومحمد الحسناوي، والحمامصي، وحسن عشماوي، والزبيري، وشريف الرأس، والماغوط، وونوس، وكان من أجمل ما كتبوه هو أدبهم السياسي.",مطر,noun,I-PERS
"أدباء سياسيين عرب
من أشهر نتاج الأدب السياسي العربي وأصحابه شعر الشاعر السياسي أحمد مطر الأول في العربية، نجيب محفوظ، وعبد الرحمن منيف، ونزار قباني، وبدوي الجبل، وحميدة قطب، وأمينة قطب، ومحمد الحسناوي، والحمامصي، وحسن عشماوي، والزبيري، وشريف الرأس، والماغوط، وونوس، وكان من أجمل ما كتبوه هو أدبهم السياسي.",نجيب,adj,B-PERS
"أدباء سياسيين عرب
من أشهر نتاج الأدب السياسي العربي وأصحابه شعر الشاعر السياسي أحمد مطر الأول في العربية، نجيب محفوظ، وعبد الرحمن منيف، ونزار قباني، وبدوي الجبل، وحميدة قطب، وأمينة قطب، ومحمد الحسناوي، والحمامصي، وحسن عشماوي، والزبيري، وشريف الرأس، والماغوط، وونوس، وكان من أجمل ما كتبوه هو أدبهم السياسي.",محفوظ,noun,I-PERS
"أدباء سياسيين عرب
من أشهر نتاج الأدب السياسي العربي وأصحابه شعر الشاعر السياسي أحمد مطر الأول في العربية، نجيب محفوظ، وعبد الرحمن منيف، ونزار قباني، وبدوي الجبل، وحميدة قطب، وأمينة قطب، ومحمد الحسناوي، والحمامصي، وحسن عشماوي، والزبيري، وشريف الرأس، والماغوط، وونوس، وكان من أجمل ما كتبوه هو أدبهم السياسي.",وعبد,adj,B-PERS
"أدباء سياسيين عرب
من أشهر نتاج الأدب السياسي العربي وأصحابه شعر الشاعر السياسي أحمد مطر الأول في العربية، نجيب محفوظ، وعبد الرحمن منيف، ونزار قباني، وبدوي الجبل، وحميدة قطب، وأمينة قطب، ومحمد الحسناوي، والحمامصي، وحسن عشماوي، والزبيري، وشريف الرأس، والماغوط، وونوس، وكان من أجمل ما كتبوه هو أدبهم السياسي.",الرحمن,prep,I-PERS
"أدباء سياسيين عرب
من أشهر نتاج الأدب السياسي العربي وأصحابه شعر الشاعر السياسي أحمد مطر الأول في العربية، نجيب محفوظ، وعبد الرحمن منيف، ونزار قباني، وبدوي الجبل، وحميدة قطب، وأمينة قطب، ومحمد الحسناوي، والحمامصي، وحسن عشماوي، والزبيري، وشريف الرأس، والماغوط، وونوس، وكان من أجمل ما كتبوه هو أدبهم السياسي.",مني,adj_comp,I-PERS
"أدباء سياسيين عرب
من أشهر نتاج الأدب السياسي العربي وأصحابه شعر الشاعر السياسي أحمد مطر الأول في العربية، نجيب محفوظ، وعبد الرحمن منيف، ونزار قباني، وبدوي الجبل، وحميدة قطب، وأمينة قطب، ومحمد الحسناوي، والحمامصي، وحسن عشماوي، والزبيري، وشريف الرأس، والماغوط، وونوس، وكان من أجمل ما كتبوه هو أدبهم السياسي.",##ف,noun,I-PERS
"أدباء سياسيين عرب
من أشهر نتاج الأدب السياسي العربي وأصحابه شعر الشاعر السياسي أحمد مطر الأول في العربية، نجيب محفوظ، وعبد الرحمن منيف، ونزار قباني، وبدوي الجبل، وحميدة قطب، وأمينة قطب، ومحمد الحسناوي، والحمامصي، وحسن عشماوي، والزبيري، وشريف الرأس، والماغوط، وونوس، وكان من أجمل ما كتبوه هو أدبهم السياسي.",ونز,noun,B-PERS
"أدباء سياسيين عرب
من أشهر نتاج الأدب السياسي العربي وأصحابه شعر الشاعر السياسي أحمد مطر الأول في العربية، نجيب محفوظ، وعبد الرحمن منيف، ونزار قباني، وبدوي الجبل، وحميدة قطب، وأمينة قطب، ومحمد الحسناوي، والحمامصي، وحسن عشماوي، والزبيري، وشريف الرأس، والماغوط، وونوس، وكان من أجمل ما كتبوه هو أدبهم السياسي.",##ار,adj,B-PERS
"أدباء سياسيين عرب
من أشهر نتاج الأدب السياسي العربي وأصحابه شعر الشاعر السياسي أحمد مطر الأول في العربية، نجيب محفوظ، وعبد الرحمن منيف، ونزار قباني، وبدوي الجبل، وحميدة قطب، وأمينة قطب، ومحمد الحسناوي، والحمامصي، وحسن عشماوي، والزبيري، وشريف الرأس، والماغوط، وونوس، وكان من أجمل ما كتبوه هو أدبهم السياسي.",قباني,adj,I-PERS
"أدباء سياسيين عرب
من أشهر نتاج الأدب السياسي العربي وأصحابه شعر الشاعر السياسي أحمد مطر الأول في العربية، نجيب محفوظ، وعبد الرحمن منيف، ونزار قباني، وبدوي الجبل، وحميدة قطب، وأمينة قطب، ومحمد الحسناوي، والحمامصي، وحسن عشماوي، والزبيري، وشريف الرأس، والماغوط، وونوس، وكان من أجمل ما كتبوه هو أدبهم السياسي.",وبد,noun,B-PERS
"أدباء سياسيين عرب
من أشهر نتاج الأدب السياسي العربي وأصحابه شعر الشاعر السياسي أحمد مطر الأول في العربية، نجيب محفوظ، وعبد الرحمن منيف، ونزار قباني، وبدوي الجبل، وحميدة قطب، وأمينة قطب، ومحمد الحسناوي، والحمامصي، وحسن عشماوي، والزبيري، وشريف الرأس، والماغوط، وونوس، وكان من أجمل ما كتبوه هو أدبهم السياسي.",##وي,noun,B-PERS
"أدباء سياسيين عرب
من أشهر نتاج الأدب السياسي العربي وأصحابه شعر الشاعر السياسي أحمد مطر الأول في العربية، نجيب محفوظ، وعبد الرحمن منيف، ونزار قباني، وبدوي الجبل، وحميدة قطب، وأمينة قطب، ومحمد الحسناوي، والحمامصي، وحسن عشماوي، والزبيري، وشريف الرأس، والماغوط، وونوس، وكان من أجمل ما كتبوه هو أدبهم السياسي.",الجبل,noun,I-PERS
"أدباء سياسيين عرب
من أشهر نتاج الأدب السياسي العربي وأصحابه شعر الشاعر السياسي أحمد مطر الأول في العربية، نجيب محفوظ، وعبد الرحمن منيف، ونزار قباني، وبدوي الجبل، وحميدة قطب، وأمينة قطب، ومحمد الحسناوي، والحمامصي، وحسن عشماوي، والزبيري، وشريف الرأس، والماغوط، وونوس، وكان من أجمل ما كتبوه هو أدبهم السياسي.",وحم,noun,B-PERS
"أدباء سياسيين عرب
من أشهر نتاج الأدب السياسي العربي وأصحابه شعر الشاعر السياسي أحمد مطر الأول في العربية، نجيب محفوظ، وعبد الرحمن منيف، ونزار قباني، وبدوي الجبل، وحميدة قطب، وأمينة قطب، ومحمد الحسناوي، والحمامصي، وحسن عشماوي، والزبيري، وشريف الرأس، والماغوط، وونوس، وكان من أجمل ما كتبوه هو أدبهم السياسي.",##يدة,adj,B-PERS
"أدباء سياسيين عرب
من أشهر نتاج الأدب السياسي العربي وأصحابه شعر الشاعر السياسي أحمد مطر الأول في العربية، نجيب محفوظ، وعبد الرحمن منيف، ونزار قباني، وبدوي الجبل، وحميدة قطب، وأمينة قطب، ومحمد الحسناوي، والحمامصي، وحسن عشماوي، والزبيري، وشريف الرأس، والماغوط، وونوس، وكان من أجمل ما كتبوه هو أدبهم السياسي.",قطب,noun_prop,I-PERS
"أدباء سياسيين عرب
من أشهر نتاج الأدب السياسي العربي وأصحابه شعر الشاعر السياسي أحمد مطر الأول في العربية، نجيب محفوظ، وعبد الرحمن منيف، ونزار قباني، وبدوي الجبل، وحميدة قطب، وأمينة قطب، ومحمد الحسناوي، والحمامصي، وحسن عشماوي، والزبيري، وشريف الرأس، والماغوط، وونوس، وكان من أجمل ما كتبوه هو أدبهم السياسي.",وأم,noun_prop,B-PERS
"أدباء سياسيين عرب
من أشهر نتاج الأدب السياسي العربي وأصحابه شعر الشاعر السياسي أحمد مطر الأول في العربية، نجيب محفوظ، وعبد الرحمن منيف، ونزار قباني، وبدوي الجبل، وحميدة قطب، وأمينة قطب، ومحمد الحسناوي، والحمامصي، وحسن عشماوي، والزبيري، وشريف الرأس، والماغوط، وونوس، وكان من أجمل ما كتبوه هو أدبهم السياسي.",##ينة,adj_num,B-PERS
"أدباء سياسيين عرب
من أشهر نتاج الأدب السياسي العربي وأصحابه شعر الشاعر السياسي أحمد مطر الأول في العربية، نجيب محفوظ، وعبد الرحمن منيف، ونزار قباني، وبدوي الجبل، وحميدة قطب، وأمينة قطب، ومحمد الحسناوي، والحمامصي، وحسن عشماوي، والزبيري، وشريف الرأس، والماغوط، وونوس، وكان من أجمل ما كتبوه هو أدبهم السياسي.",قطب,prep,I-PERS
"أدباء سياسيين عرب
من أشهر نتاج الأدب السياسي العربي وأصحابه شعر الشاعر السياسي أحمد مطر الأول في العربية، نجيب محفوظ، وعبد الرحمن منيف، ونزار قباني، وبدوي الجبل، وحميدة قطب، وأمينة قطب، ومحمد الحسناوي، والحمامصي، وحسن عشماوي، والزبيري، وشريف الرأس، والماغوط، وونوس، وكان من أجمل ما كتبوه هو أدبهم السياسي.",ومحمد,noun,B-PERS
"أدباء سياسيين عرب
من أشهر نتاج الأدب السياسي العربي وأصحابه شعر الشاعر السياسي أحمد مطر الأول في العربية، نجيب محفوظ، وعبد الرحمن منيف، ونزار قباني، وبدوي الجبل، وحميدة قطب، وأمينة قطب، ومحمد الحسناوي، والحمامصي، وحسن عشماوي، والزبيري، وشريف الرأس، والماغوط، وونوس، وكان من أجمل ما كتبوه هو أدبهم السياسي.",الحسن,adj,I-PERS
"أدباء سياسيين عرب
من أشهر نتاج الأدب السياسي العربي وأصحابه شعر الشاعر السياسي أحمد مطر الأول في العربية، نجيب محفوظ، وعبد الرحمن منيف، ونزار قباني، وبدوي الجبل، وحميدة قطب، وأمينة قطب، ومحمد الحسناوي، والحمامصي، وحسن عشماوي، والزبيري، وشريف الرأس، والماغوط، وونوس، وكان من أجمل ما كتبوه هو أدبهم السياسي.",##اوي,noun_prop,I-PERS
"أدباء سياسيين عرب
من أشهر نتاج الأدب السياسي العربي وأصحابه شعر الشاعر السياسي أحمد مطر الأول في العربية، نجيب محفوظ، وعبد الرحمن منيف، ونزار قباني، وبدوي الجبل، وحميدة قطب، وأمينة قطب، ومحمد الحسناوي، والحمامصي، وحسن عشماوي، والزبيري، وشريف الرأس، والماغوط، وونوس، وكان من أجمل ما كتبوه هو أدبهم السياسي.",والحم,noun_prop,B-PERS
"أدباء سياسيين عرب
من أشهر نتاج الأدب السياسي العربي وأصحابه شعر الشاعر السياسي أحمد مطر الأول في العربية، نجيب محفوظ، وعبد الرحمن منيف، ونزار قباني، وبدوي الجبل، وحميدة قطب، وأمينة قطب، ومحمد الحسناوي، والحمامصي، وحسن عشماوي، والزبيري، وشريف الرأس، والماغوط، وونوس، وكان من أجمل ما كتبوه هو أدبهم السياسي.",##ام,noun_prop,I-PERS
"أدباء سياسيين عرب
من أشهر نتاج الأدب السياسي العربي وأصحابه شعر الشاعر السياسي أحمد مطر الأول في العربية، نجيب محفوظ، وعبد الرحمن منيف، ونزار قباني، وبدوي الجبل، وحميدة قطب، وأمينة قطب، ومحمد الحسناوي، والحمامصي، وحسن عشماوي، والزبيري، وشريف الرأس، والماغوط، وونوس، وكان من أجمل ما كتبوه هو أدبهم السياسي.",##صي,noun_prop,I-PERS
"أدباء سياسيين عرب
من أشهر نتاج الأدب السياسي العربي وأصحابه شعر الشاعر السياسي أحمد مطر الأول في العربية، نجيب محفوظ، وعبد الرحمن منيف، ونزار قباني، وبدوي الجبل، وحميدة قطب، وأمينة قطب، ومحمد الحسناوي، والحمامصي، وحسن عشماوي، والزبيري، وشريف الرأس، والماغوط، وونوس، وكان من أجمل ما كتبوه هو أدبهم السياسي.",وحسن,noun_prop,B-PERS
"أدباء سياسيين عرب
من أشهر نتاج الأدب السياسي العربي وأصحابه شعر الشاعر السياسي أحمد مطر الأول في العربية، نجيب محفوظ، وعبد الرحمن منيف، ونزار قباني، وبدوي الجبل، وحميدة قطب، وأمينة قطب، ومحمد الحسناوي، والحمامصي، وحسن عشماوي، والزبيري، وشريف الرأس، والماغوط، وونوس، وكان من أجمل ما كتبوه هو أدبهم السياسي.",عش,noun_prop,I-PERS
"أدباء سياسيين عرب
من أشهر نتاج الأدب السياسي العربي وأصحابه شعر الشاعر السياسي أحمد مطر الأول في العربية، نجيب محفوظ، وعبد الرحمن منيف، ونزار قباني، وبدوي الجبل، وحميدة قطب، وأمينة قطب، ومحمد الحسناوي، والحمامصي، وحسن عشماوي، والزبيري، وشريف الرأس، والماغوط، وونوس، وكان من أجمل ما كتبوه هو أدبهم السياسي.",##ماوي,noun_prop,I-PERS
"أدباء سياسيين عرب
من أشهر نتاج الأدب السياسي العربي وأصحابه شعر الشاعر السياسي أحمد مطر الأول في العربية، نجيب محفوظ، وعبد الرحمن منيف، ونزار قباني، وبدوي الجبل، وحميدة قطب، وأمينة قطب، ومحمد الحسناوي، والحمامصي، وحسن عشماوي، والزبيري، وشريف الرأس، والماغوط، وونوس، وكان من أجمل ما كتبوه هو أدبهم السياسي.",والز,adj,B-PERS
"أدباء سياسيين عرب
من أشهر نتاج الأدب السياسي العربي وأصحابه شعر الشاعر السياسي أحمد مطر الأول في العربية، نجيب محفوظ، وعبد الرحمن منيف، ونزار قباني، وبدوي الجبل، وحميدة قطب، وأمينة قطب، ومحمد الحسناوي، والحمامصي، وحسن عشماوي، والزبيري، وشريف الرأس، والماغوط، وونوس، وكان من أجمل ما كتبوه هو أدبهم السياسي.",##بيري,noun_prop,I-PERS
"أدباء سياسيين عرب
من أشهر نتاج الأدب السياسي العربي وأصحابه شعر الشاعر السياسي أحمد مطر الأول في العربية، نجيب محفوظ، وعبد الرحمن منيف، ونزار قباني، وبدوي الجبل، وحميدة قطب، وأمينة قطب، ومحمد الحسناوي، والحمامصي، وحسن عشماوي، والزبيري، وشريف الرأس، والماغوط، وونوس، وكان من أجمل ما كتبوه هو أدبهم السياسي.",وشر,noun_prop,B-PERS
"أدباء سياسيين عرب
من أشهر نتاج الأدب السياسي العربي وأصحابه شعر الشاعر السياسي أحمد مطر الأول في العربية، نجيب محفوظ، وعبد الرحمن منيف، ونزار قباني، وبدوي الجبل، وحميدة قطب، وأمينة قطب، ومحمد الحسناوي، والحمامصي، وحسن عشماوي، والزبيري، وشريف الرأس، والماغوط، وونوس، وكان من أجمل ما كتبوه هو أدبهم السياسي.",##يف,noun_prop,B-PERS
"أدباء سياسيين عرب
من أشهر نتاج الأدب السياسي العربي وأصحابه شعر الشاعر السياسي أحمد مطر الأول في العربية، نجيب محفوظ، وعبد الرحمن منيف، ونزار قباني، وبدوي الجبل، وحميدة قطب، وأمينة قطب، ومحمد الحسناوي، والحمامصي، وحسن عشماوي، والزبيري، وشريف الرأس، والماغوط، وونوس، وكان من أجمل ما كتبوه هو أدبهم السياسي.",الرأس,adj,I-PERS
"أدباء سياسيين عرب
من أشهر نتاج الأدب السياسي العربي وأصحابه شعر الشاعر السياسي أحمد مطر الأول في العربية، نجيب محفوظ، وعبد الرحمن منيف، ونزار قباني، وبدوي الجبل، وحميدة قطب، وأمينة قطب، ومحمد الحسناوي، والحمامصي، وحسن عشماوي، والزبيري، وشريف الرأس، والماغوط، وونوس، وكان من أجمل ما كتبوه هو أدبهم السياسي.",والما,noun_prop,B-PERS
"أدباء سياسيين عرب
من أشهر نتاج الأدب السياسي العربي وأصحابه شعر الشاعر السياسي أحمد مطر الأول في العربية، نجيب محفوظ، وعبد الرحمن منيف، ونزار قباني، وبدوي الجبل، وحميدة قطب، وأمينة قطب، ومحمد الحسناوي، والحمامصي، وحسن عشماوي، والزبيري، وشريف الرأس، والماغوط، وونوس، وكان من أجمل ما كتبوه هو أدبهم السياسي.",##غوط,noun_prop,I-PERS
"أدباء سياسيين عرب
من أشهر نتاج الأدب السياسي العربي وأصحابه شعر الشاعر السياسي أحمد مطر الأول في العربية، نجيب محفوظ، وعبد الرحمن منيف، ونزار قباني، وبدوي الجبل، وحميدة قطب، وأمينة قطب، ومحمد الحسناوي، والحمامصي، وحسن عشماوي، والزبيري، وشريف الرأس، والماغوط، وونوس، وكان من أجمل ما كتبوه هو أدبهم السياسي.",وون,noun,B-PERS
"أدباء سياسيين عرب
من أشهر نتاج الأدب السياسي العربي وأصحابه شعر الشاعر السياسي أحمد مطر الأول في العربية، نجيب محفوظ، وعبد الرحمن منيف، ونزار قباني، وبدوي الجبل، وحميدة قطب، وأمينة قطب، ومحمد الحسناوي، والحمامصي، وحسن عشماوي، والزبيري، وشريف الرأس، والماغوط، وونوس، وكان من أجمل ما كتبوه هو أدبهم السياسي.",##وس,adj,B-PERS
وهكذا يتبين للمرء أن مصطلح «الأدب» قد استخدم منذ مطلع القرن الثامن عشر في أوربة للدلالة على «مجموع من الكتابة» body of writing على الرغم من أنه يصعب أحيانًا إيجاد تفريق واضح في الاستخدام المتزامن بين كل من «الثقافة الأدبية» و«التبحر».,أور,adv,B-LOC
في هذا النص، لا يتعامل باث مع المدينة باعتبارها مكانًا جغرافيًا أو فضاءً عمرانيًا فقط، بل ككائن حي، نابض، غامض، يعيش ويمرض ويحلم ويحبط.,با,prep,B-PERS
في هذا النص، لا يتعامل باث مع المدينة باعتبارها مكانًا جغرافيًا أو فضاءً عمرانيًا فقط، بل ككائن حي، نابض، غامض، يعيش ويمرض ويحلم ويحبط.,##ث,pron_dem,B-PERS
"السياق التاريخي
كُتبت هذه القصائد في الفترة الأخيرة من حياة نيرودا، في ظل أزمات سياسية عرفتها تشيلي، وانقلابات متوقعة كانت تهدد النظام الديمقراطي.",نير,noun,B-PERS
"السياق التاريخي
كُتبت هذه القصائد في الفترة الأخيرة من حياة نيرودا، في ظل أزمات سياسية عرفتها تشيلي، وانقلابات متوقعة كانت تهدد النظام الديمقراطي.",##ودا,adj,B-PERS
"السياق التاريخي
كُتبت هذه القصائد في الفترة الأخيرة من حياة نيرودا، في ظل أزمات سياسية عرفتها تشيلي، وانقلابات متوقعة كانت تهدد النظام الديمقراطي.",تشي,prep,B-LOC
"السياق التاريخي
كُتبت هذه القصائد في الفترة الأخيرة من حياة نيرودا، في ظل أزمات سياسية عرفتها تشيلي، وانقلابات متوقعة كانت تهدد النظام الديمقراطي.",##لي,pron_dem,B-LOC
وسرعان ما انتشر المصطلح الفرنسي خارج فرنسة، إذ استخدمه توماس رايمر Thomas Rymer في إنكلترة عام 1692، ويغدو هيو بلير Hugh Blair عام 1762 أول أستاذ للبلاغة والأدب بوصفه فنًا جميلًا Belles Lettres في جامعة أدنبره.,توماس,adj,B-PERS
وسرعان ما انتشر المصطلح الفرنسي خارج فرنسة، إذ استخدمه توماس رايمر Thomas Rymer في إنكلترة عام 1692، ويغدو هيو بلير Hugh Blair عام 1762 أول أستاذ للبلاغة والأدب بوصفه فنًا جميلًا Belles Lettres في جامعة أدنبره.,راي,noun,I-PERS
وسرعان ما انتشر المصطلح الفرنسي خارج فرنسة، إذ استخدمه توماس رايمر Thomas Rymer في إنكلترة عام 1692، ويغدو هيو بلير Hugh Blair عام 1762 أول أستاذ للبلاغة والأدب بوصفه فنًا جميلًا Belles Lettres في جامعة أدنبره.,##مر,conj_sub,I-PERS
وسرعان ما انتشر المصطلح الفرنسي خارج فرنسة، إذ استخدمه توماس رايمر Thomas Rymer في إنكلترة عام 1692، ويغدو هيو بلير Hugh Blair عام 1762 أول أستاذ للبلاغة والأدب بوصفه فنًا جميلًا Belles Lettres في جامعة أدنبره.,Th,verb,B-PERS
وسرعان ما انتشر المصطلح الفرنسي خارج فرنسة، إذ استخدمه توماس رايمر Thomas Rymer في إنكلترة عام 1692، ويغدو هيو بلير Hugh Blair عام 1762 أول أستاذ للبلاغة والأدب بوصفه فنًا جميلًا Belles Lettres في جامعة أدنبره.,##om,noun,B-PERS
وسرعان ما انتشر المصطلح الفرنسي خارج فرنسة، إذ استخدمه توماس رايمر Thomas Rymer في إنكلترة عام 1692، ويغدو هيو بلير Hugh Blair عام 1762 أول أستاذ للبلاغة والأدب بوصفه فنًا جميلًا Belles Lettres في جامعة أدنبره.,##as,adj,B-PERS
وسرعان ما انتشر المصطلح الفرنسي خارج فرنسة، إذ استخدمه توماس رايمر Thomas Rymer في إنكلترة عام 1692، ويغدو هيو بلير Hugh Blair عام 1762 أول أستاذ للبلاغة والأدب بوصفه فنًا جميلًا Belles Lettres في جامعة أدنبره.,R,noun,I-PERS
وسرعان ما انتشر المصطلح الفرنسي خارج فرنسة، إذ استخدمه توماس رايمر Thomas Rymer في إنكلترة عام 1692، ويغدو هيو بلير Hugh Blair عام 1762 أول أستاذ للبلاغة والأدب بوصفه فنًا جميلًا Belles Lettres في جامعة أدنبره.,##y,noun_prop,I-PERS
وسرعان ما انتشر المصطلح الفرنسي خارج فرنسة، إذ استخدمه توماس رايمر Thomas Rymer في إنكلترة عام 1692، ويغدو هيو بلير Hugh Blair عام 1762 أول أستاذ للبلاغة والأدب بوصفه فنًا جميلًا Belles Lettres في جامعة أدنبره.,##m,noun_prop,I-PERS
وسرعان ما انتشر المصطلح الفرنسي خارج فرنسة، إذ استخدمه توماس رايمر Thomas Rymer في إنكلترة عام 1692، ويغدو هيو بلير Hugh Blair عام 1762 أول أستاذ للبلاغة والأدب بوصفه فنًا جميلًا Belles Lettres في جامعة أدنبره.,##er,noun_prop,I-PERS
وسرعان ما انتشر المصطلح الفرنسي خارج فرنسة، إذ استخدمه توماس رايمر Thomas Rymer في إنكلترة عام 1692، ويغدو هيو بلير Hugh Blair عام 1762 أول أستاذ للبلاغة والأدب بوصفه فنًا جميلًا Belles Lettres في جامعة أدنبره.,إنك,conj_sub,B-LOC
وسرعان ما انتشر المصطلح الفرنسي خارج فرنسة، إذ استخدمه توماس رايمر Thomas Rymer في إنكلترة عام 1692، ويغدو هيو بلير Hugh Blair عام 1762 أول أستاذ للبلاغة والأدب بوصفه فنًا جميلًا Belles Lettres في جامعة أدنبره.,##لتر,verb,I-LOC
وسرعان ما انتشر المصطلح الفرنسي خارج فرنسة، إذ استخدمه توماس رايمر Thomas Rymer في إنكلترة عام 1692، ويغدو هيو بلير Hugh Blair عام 1762 أول أستاذ للبلاغة والأدب بوصفه فنًا جميلًا Belles Lettres في جامعة أدنبره.,##ة,verb,B-LOC
وسرعان ما انتشر المصطلح الفرنسي خارج فرنسة، إذ استخدمه توماس رايمر Thomas Rymer في إنكلترة عام 1692، ويغدو هيو بلير Hugh Blair عام 1762 أول أستاذ للبلاغة والأدب بوصفه فنًا جميلًا Belles Lettres في جامعة أدنبره.,هي,noun_prop,B-PERS
وسرعان ما انتشر المصطلح الفرنسي خارج فرنسة، إذ استخدمه توماس رايمر Thomas Rymer في إنكلترة عام 1692، ويغدو هيو بلير Hugh Blair عام 1762 أول أستاذ للبلاغة والأدب بوصفه فنًا جميلًا Belles Lettres في جامعة أدنبره.,##و,noun_prop,I-PERS
وسرعان ما انتشر المصطلح الفرنسي خارج فرنسة، إذ استخدمه توماس رايمر Thomas Rymer في إنكلترة عام 1692، ويغدو هيو بلير Hugh Blair عام 1762 أول أستاذ للبلاغة والأدب بوصفه فنًا جميلًا Belles Lettres في جامعة أدنبره.,بلي,noun_prop,I-PERS
وسرعان ما انتشر المصطلح الفرنسي خارج فرنسة، إذ استخدمه توماس رايمر Thomas Rymer في إنكلترة عام 1692، ويغدو هيو بلير Hugh Blair عام 1762 أول أستاذ للبلاغة والأدب بوصفه فنًا جميلًا Belles Lettres في جامعة أدنبره.,##ر,noun_prop,I-PERS
وسرعان ما انتشر المصطلح الفرنسي خارج فرنسة، إذ استخدمه توماس رايمر Thomas Rymer في إنكلترة عام 1692، ويغدو هيو بلير Hugh Blair عام 1762 أول أستاذ للبلاغة والأدب بوصفه فنًا جميلًا Belles Lettres في جامعة أدنبره.,##h,adj,I-PERS
وسرعان ما انتشر المصطلح الفرنسي خارج فرنسة، إذ استخدمه توماس رايمر Thomas Rymer في إنكلترة عام 1692، ويغدو هيو بلير Hugh Blair عام 1762 أول أستاذ للبلاغة والأدب بوصفه فنًا جميلًا Belles Lettres في جامعة أدنبره.,Bl,adj,I-PERS
وسرعان ما انتشر المصطلح الفرنسي خارج فرنسة، إذ استخدمه توماس رايمر Thomas Rymer في إنكلترة عام 1692، ويغدو هيو بلير Hugh Blair عام 1762 أول أستاذ للبلاغة والأدب بوصفه فنًا جميلًا Belles Lettres في جامعة أدنبره.,##air,punc,I-PERS
وسرعان ما انتشر المصطلح الفرنسي خارج فرنسة، إذ استخدمه توماس رايمر Thomas Rymer في إنكلترة عام 1692، ويغدو هيو بلير Hugh Blair عام 1762 أول أستاذ للبلاغة والأدب بوصفه فنًا جميلًا Belles Lettres في جامعة أدنبره.,Be,noun_prop,B-PERS
وسرعان ما انتشر المصطلح الفرنسي خارج فرنسة، إذ استخدمه توماس رايمر Thomas Rymer في إنكلترة عام 1692، ويغدو هيو بلير Hugh Blair عام 1762 أول أستاذ للبلاغة والأدب بوصفه فنًا جميلًا Belles Lettres في جامعة أدنبره.,أد,noun,B-LOC
وسرعان ما انتشر المصطلح الفرنسي خارج فرنسة، إذ استخدمه توماس رايمر Thomas Rymer في إنكلترة عام 1692، ويغدو هيو بلير Hugh Blair عام 1762 أول أستاذ للبلاغة والأدب بوصفه فنًا جميلًا Belles Lettres في جامعة أدنبره.,##نب,noun,I-ORG
وسرعان ما انتشر المصطلح الفرنسي خارج فرنسة، إذ استخدمه توماس رايمر Thomas Rymer في إنكلترة عام 1692، ويغدو هيو بلير Hugh Blair عام 1762 أول أستاذ للبلاغة والأدب بوصفه فنًا جميلًا Belles Lettres في جامعة أدنبره.,##ره,prep,I-LOC
"محتوى الديوان
يحتوي الديوان على مجموعة من القصائد التي تعكس المرحلة السياسية لنيرودا، ويظهر فيها بوضوح انحيازه للطبقات الشعبية، ورفضه للديكتاتوريات والتدخل الأجنبي.",لن,noun,B-LOC
"محتوى الديوان
يحتوي الديوان على مجموعة من القصائد التي تعكس المرحلة السياسية لنيرودا، ويظهر فيها بوضوح انحيازه للطبقات الشعبية، ورفضه للديكتاتوريات والتدخل الأجنبي.",##يرو,noun,B-PERS
وقد عززت هذا المفهوم المناقشات المتصلة بفكرة الذوق ودور المتذوق، واختراع بومغارتن Baumgarten لمصطلح علم الجمال aesthetics وجهوده مع «كنت» ولا سيما في كتابه الأخير «نقد الحكم»، في التمييز ما بين الجميل، والجيد، والحقيقي، والمفيد فضلًا عن النهوض البطيء لمكانة الرواية في المجتمع الأوربي، وقاد كل ذلك في نهاية المطاف إلى ظهور مفهوم للأدب مواز لمفهومي الفنون التشكيلية والموسيقى وغيرهما من الفنون الجميلة المعروفة، وغدا الأدب واحدًا منها يتبوأ بين أقرانه الستة مكانة بارزة.,بوم,part_verb,B-PERS
وقد عززت هذا المفهوم المناقشات المتصلة بفكرة الذوق ودور المتذوق، واختراع بومغارتن Baumgarten لمصطلح علم الجمال aesthetics وجهوده مع «كنت» ولا سيما في كتابه الأخير «نقد الحكم»، في التمييز ما بين الجميل، والجيد، والحقيقي، والمفيد فضلًا عن النهوض البطيء لمكانة الرواية في المجتمع الأوربي، وقاد كل ذلك في نهاية المطاف إلى ظهور مفهوم للأدب مواز لمفهومي الفنون التشكيلية والموسيقى وغيرهما من الفنون الجميلة المعروفة، وغدا الأدب واحدًا منها يتبوأ بين أقرانه الستة مكانة بارزة.,##غار,verb,I-PERS
وقد عززت هذا المفهوم المناقشات المتصلة بفكرة الذوق ودور المتذوق، واختراع بومغارتن Baumgarten لمصطلح علم الجمال aesthetics وجهوده مع «كنت» ولا سيما في كتابه الأخير «نقد الحكم»، في التمييز ما بين الجميل، والجيد، والحقيقي، والمفيد فضلًا عن النهوض البطيء لمكانة الرواية في المجتمع الأوربي، وقاد كل ذلك في نهاية المطاف إلى ظهور مفهوم للأدب مواز لمفهومي الفنون التشكيلية والموسيقى وغيرهما من الفنون الجميلة المعروفة، وغدا الأدب واحدًا منها يتبوأ بين أقرانه الستة مكانة بارزة.,##تن,verb,I-PERS
وقد عززت هذا المفهوم المناقشات المتصلة بفكرة الذوق ودور المتذوق، واختراع بومغارتن Baumgarten لمصطلح علم الجمال aesthetics وجهوده مع «كنت» ولا سيما في كتابه الأخير «نقد الحكم»، في التمييز ما بين الجميل، والجيد، والحقيقي، والمفيد فضلًا عن النهوض البطيء لمكانة الرواية في المجتمع الأوربي، وقاد كل ذلك في نهاية المطاف إلى ظهور مفهوم للأدب مواز لمفهومي الفنون التشكيلية والموسيقى وغيرهما من الفنون الجميلة المعروفة، وغدا الأدب واحدًا منها يتبوأ بين أقرانه الستة مكانة بارزة.,B,pron_dem,B-PERS
وقد عززت هذا المفهوم المناقشات المتصلة بفكرة الذوق ودور المتذوق، واختراع بومغارتن Baumgarten لمصطلح علم الجمال aesthetics وجهوده مع «كنت» ولا سيما في كتابه الأخير «نقد الحكم»، في التمييز ما بين الجميل، والجيد، والحقيقي، والمفيد فضلًا عن النهوض البطيء لمكانة الرواية في المجتمع الأوربي، وقاد كل ذلك في نهاية المطاف إلى ظهور مفهوم للأدب مواز لمفهومي الفنون التشكيلية والموسيقى وغيرهما من الفنون الجميلة المعروفة، وغدا الأدب واحدًا منها يتبوأ بين أقرانه الستة مكانة بارزة.,##a,noun,B-PERS
وقد عززت هذا المفهوم المناقشات المتصلة بفكرة الذوق ودور المتذوق، واختراع بومغارتن Baumgarten لمصطلح علم الجمال aesthetics وجهوده مع «كنت» ولا سيما في كتابه الأخير «نقد الحكم»، في التمييز ما بين الجميل، والجيد، والحقيقي، والمفيد فضلًا عن النهوض البطيء لمكانة الرواية في المجتمع الأوربي، وقاد كل ذلك في نهاية المطاف إلى ظهور مفهوم للأدب مواز لمفهومي الفنون التشكيلية والموسيقى وغيرهما من الفنون الجميلة المعروفة، وغدا الأدب واحدًا منها يتبوأ بين أقرانه الستة مكانة بارزة.,##um,noun,B-PERS
وقد عززت هذا المفهوم المناقشات المتصلة بفكرة الذوق ودور المتذوق، واختراع بومغارتن Baumgarten لمصطلح علم الجمال aesthetics وجهوده مع «كنت» ولا سيما في كتابه الأخير «نقد الحكم»، في التمييز ما بين الجميل، والجيد، والحقيقي، والمفيد فضلًا عن النهوض البطيء لمكانة الرواية في المجتمع الأوربي، وقاد كل ذلك في نهاية المطاف إلى ظهور مفهوم للأدب مواز لمفهومي الفنون التشكيلية والموسيقى وغيرهما من الفنون الجميلة المعروفة، وغدا الأدب واحدًا منها يتبوأ بين أقرانه الستة مكانة بارزة.,##g,adj,B-PERS
وقد عززت هذا المفهوم المناقشات المتصلة بفكرة الذوق ودور المتذوق، واختراع بومغارتن Baumgarten لمصطلح علم الجمال aesthetics وجهوده مع «كنت» ولا سيما في كتابه الأخير «نقد الحكم»، في التمييز ما بين الجميل، والجيد، والحقيقي، والمفيد فضلًا عن النهوض البطيء لمكانة الرواية في المجتمع الأوربي، وقاد كل ذلك في نهاية المطاف إلى ظهور مفهوم للأدب مواز لمفهومي الفنون التشكيلية والموسيقى وغيرهما من الفنون الجميلة المعروفة، وغدا الأدب واحدًا منها يتبوأ بين أقرانه الستة مكانة بارزة.,##art,adj,I-PERS
وقد عززت هذا المفهوم المناقشات المتصلة بفكرة الذوق ودور المتذوق، واختراع بومغارتن Baumgarten لمصطلح علم الجمال aesthetics وجهوده مع «كنت» ولا سيما في كتابه الأخير «نقد الحكم»، في التمييز ما بين الجميل، والجيد، والحقيقي، والمفيد فضلًا عن النهوض البطيء لمكانة الرواية في المجتمع الأوربي، وقاد كل ذلك في نهاية المطاف إلى ظهور مفهوم للأدب مواز لمفهومي الفنون التشكيلية والموسيقى وغيرهما من الفنون الجميلة المعروفة، وغدا الأدب واحدًا منها يتبوأ بين أقرانه الستة مكانة بارزة.,##en,noun,I-PERS
وقد عززت هذا المفهوم المناقشات المتصلة بفكرة الذوق ودور المتذوق، واختراع بومغارتن Baumgarten لمصطلح علم الجمال aesthetics وجهوده مع «كنت» ولا سيما في كتابه الأخير «نقد الحكم»، في التمييز ما بين الجميل، والجيد، والحقيقي، والمفيد فضلًا عن النهوض البطيء لمكانة الرواية في المجتمع الأوربي، وقاد كل ذلك في نهاية المطاف إلى ظهور مفهوم للأدب مواز لمفهومي الفنون التشكيلية والموسيقى وغيرهما من الفنون الجميلة المعروفة، وغدا الأدب واحدًا منها يتبوأ بين أقرانه الستة مكانة بارزة.,كنت,noun,B-PERS
وأطلق بعضهم الأدب على التأليف عامة، فترجم ياقوت الحموي في معجم الأدباء للمؤلفين في جميع أنواع المعرفة.,ياق,verb,B-PERS
وأطلق بعضهم الأدب على التأليف عامة، فترجم ياقوت الحموي في معجم الأدباء للمؤلفين في جميع أنواع المعرفة.,##وت,noun_quant,I-PERS
وأطلق بعضهم الأدب على التأليف عامة، فترجم ياقوت الحموي في معجم الأدباء للمؤلفين في جميع أنواع المعرفة.,الحم,noun,I-PERS
وأطلق بعضهم الأدب على التأليف عامة، فترجم ياقوت الحموي في معجم الأدباء للمؤلفين في جميع أنواع المعرفة.,##وي,prep,I-PERS
وفي القرن الثاني للميلاد استخدمت الكلمة للدلالة على «مجموع من الكتابة»، إذ يجد المرء كلًا من تيرتوليان وكاسيان Cassian يقابل بين الكتابة الزمنية الوثنية litteratura والكتاب المقدس Scriptura.,تير,prep,B-LOC
وفي القرن الثاني للميلاد استخدمت الكلمة للدلالة على «مجموع من الكتابة»، إذ يجد المرء كلًا من تيرتوليان وكاسيان Cassian يقابل بين الكتابة الزمنية الوثنية litteratura والكتاب المقدس Scriptura.,##تو,noun,I-LOC
وفي القرن الثاني للميلاد استخدمت الكلمة للدلالة على «مجموع من الكتابة»، إذ يجد المرء كلًا من تيرتوليان وكاسيان Cassian يقابل بين الكتابة الزمنية الوثنية litteratura والكتاب المقدس Scriptura.,##ليا,adj_num,I-LOC
وفي القرن الثاني للميلاد استخدمت الكلمة للدلالة على «مجموع من الكتابة»، إذ يجد المرء كلًا من تيرتوليان وكاسيان Cassian يقابل بين الكتابة الزمنية الوثنية litteratura والكتاب المقدس Scriptura.,##ن,noun_prop,I-LOC
وفي القرن الثاني للميلاد استخدمت الكلمة للدلالة على «مجموع من الكتابة»، إذ يجد المرء كلًا من تيرتوليان وكاسيان Cassian يقابل بين الكتابة الزمنية الوثنية litteratura والكتاب المقدس Scriptura.,وك,noun_prop,B-LOC
وفي القرن الثاني للميلاد استخدمت الكلمة للدلالة على «مجموع من الكتابة»، إذ يجد المرء كلًا من تيرتوليان وكاسيان Cassian يقابل بين الكتابة الزمنية الوثنية litteratura والكتاب المقدس Scriptura.,##اس,noun,B-LOC
وفي القرن الثاني للميلاد استخدمت الكلمة للدلالة على «مجموع من الكتابة»، إذ يجد المرء كلًا من تيرتوليان وكاسيان Cassian يقابل بين الكتابة الزمنية الوثنية litteratura والكتاب المقدس Scriptura.,##يان,verb,I-LOC
وفي القرن الثاني للميلاد استخدمت الكلمة للدلالة على «مجموع من الكتابة»، إذ يجد المرء كلًا من تيرتوليان وكاسيان Cassian يقابل بين الكتابة الزمنية الوثنية litteratura والكتاب المقدس Scriptura.,C,noun,B-LOC
"أوكتافيو باثبذلك يحوّل المقال إلى مناجاة حضرية تتلمّس مثل الإنسان ذاته، وتحاول أن تقول:""لا يُترك المرء للفراغ إلا حين يخسر المدينة، لكن المدينة بدورها يمكن أن تبتلعه إذا مات داخلها بلا انتباه.""",أو,noun_prop,B-PERS
"أوكتافيو باثبذلك يحوّل المقال إلى مناجاة حضرية تتلمّس مثل الإنسان ذاته، وتحاول أن تقول:""لا يُترك المرء للفراغ إلا حين يخسر المدينة، لكن المدينة بدورها يمكن أن تبتلعه إذا مات داخلها بلا انتباه.""",##كت,noun_prop,I-PERS
"أوكتافيو باثبذلك يحوّل المقال إلى مناجاة حضرية تتلمّس مثل الإنسان ذاته، وتحاول أن تقول:""لا يُترك المرء للفراغ إلا حين يخسر المدينة، لكن المدينة بدورها يمكن أن تبتلعه إذا مات داخلها بلا انتباه.""",##افي,noun_prop,I-PERS
"أوكتافيو باثبذلك يحوّل المقال إلى مناجاة حضرية تتلمّس مثل الإنسان ذاته، وتحاول أن تقول:""لا يُترك المرء للفراغ إلا حين يخسر المدينة، لكن المدينة بدورها يمكن أن تبتلعه إذا مات داخلها بلا انتباه.""",##و,noun_prop,I-PERS
"أوكتافيو باثبذلك يحوّل المقال إلى مناجاة حضرية تتلمّس مثل الإنسان ذاته، وتحاول أن تقول:""لا يُترك المرء للفراغ إلا حين يخسر المدينة، لكن المدينة بدورها يمكن أن تبتلعه إذا مات داخلها بلا انتباه.""",با,noun_prop,I-PERS
فابن الأنباري في نزهة الألباء في طبقات الأدباء يترجم للنحاة وللغويين والشعراء والكتاب.,فاب,noun,B-PERS
فابن الأنباري في نزهة الألباء في طبقات الأدباء يترجم للنحاة وللغويين والشعراء والكتاب.,##ن,verb,B-PERS
فابن الأنباري في نزهة الألباء في طبقات الأدباء يترجم للنحاة وللغويين والشعراء والكتاب.,الأنبا,adj,I-PERS
فابن الأنباري في نزهة الألباء في طبقات الأدباء يترجم للنحاة وللغويين والشعراء والكتاب.,##ري,adj,I-PERS
وفي القرن السابع عشر ينبثق مصطلح «Belles Lettres» «الأدب بوصفه فنًا جميلًا»، فيقترح شارل بيرو Charles Perrault على كولبير Colbert إنشاء أكاديمية تضم قسمًا خاصًا لـ «Belles Lettres» يشمل النحو والفصاحة والشعر.,Be,prep,B-MISC
وفي القرن السابع عشر ينبثق مصطلح «Belles Lettres» «الأدب بوصفه فنًا جميلًا»، فيقترح شارل بيرو Charles Perrault على كولبير Colbert إنشاء أكاديمية تضم قسمًا خاصًا لـ «Belles Lettres» يشمل النحو والفصاحة والشعر.,Le,noun,I-MISC
وفي القرن السابع عشر ينبثق مصطلح «Belles Lettres» «الأدب بوصفه فنًا جميلًا»، فيقترح شارل بيرو Charles Perrault على كولبير Colbert إنشاء أكاديمية تضم قسمًا خاصًا لـ «Belles Lettres» يشمل النحو والفصاحة والشعر.,شارل,adj_num,B-PERS
وفي القرن السابع عشر ينبثق مصطلح «Belles Lettres» «الأدب بوصفه فنًا جميلًا»، فيقترح شارل بيرو Charles Perrault على كولبير Colbert إنشاء أكاديمية تضم قسمًا خاصًا لـ «Belles Lettres» يشمل النحو والفصاحة والشعر.,بيرو,noun_prop,I-PERS
وفي القرن السابع عشر ينبثق مصطلح «Belles Lettres» «الأدب بوصفه فنًا جميلًا»، فيقترح شارل بيرو Charles Perrault على كولبير Colbert إنشاء أكاديمية تضم قسمًا خاصًا لـ «Belles Lettres» يشمل النحو والفصاحة والشعر.,Ch,verb,B-PERS
وفي القرن السابع عشر ينبثق مصطلح «Belles Lettres» «الأدب بوصفه فنًا جميلًا»، فيقترح شارل بيرو Charles Perrault على كولبير Colbert إنشاء أكاديمية تضم قسمًا خاصًا لـ «Belles Lettres» يشمل النحو والفصاحة والشعر.,##ar,verb,B-PERS
وفي القرن السابع عشر ينبثق مصطلح «Belles Lettres» «الأدب بوصفه فنًا جميلًا»، فيقترح شارل بيرو Charles Perrault على كولبير Colbert إنشاء أكاديمية تضم قسمًا خاصًا لـ «Belles Lettres» يشمل النحو والفصاحة والشعر.,##les,noun,B-PERS
وفي القرن السابع عشر ينبثق مصطلح «Belles Lettres» «الأدب بوصفه فنًا جميلًا»، فيقترح شارل بيرو Charles Perrault على كولبير Colbert إنشاء أكاديمية تضم قسمًا خاصًا لـ «Belles Lettres» يشمل النحو والفصاحة والشعر.,P,adj,I-PERS
وفي القرن السابع عشر ينبثق مصطلح «Belles Lettres» «الأدب بوصفه فنًا جميلًا»، فيقترح شارل بيرو Charles Perrault على كولبير Colbert إنشاء أكاديمية تضم قسمًا خاصًا لـ «Belles Lettres» يشمل النحو والفصاحة والشعر.,##er,noun,I-PERS
وفي القرن السابع عشر ينبثق مصطلح «Belles Lettres» «الأدب بوصفه فنًا جميلًا»، فيقترح شارل بيرو Charles Perrault على كولبير Colbert إنشاء أكاديمية تضم قسمًا خاصًا لـ «Belles Lettres» يشمل النحو والفصاحة والشعر.,##ra,adj,I-PERS
وفي القرن السابع عشر ينبثق مصطلح «Belles Lettres» «الأدب بوصفه فنًا جميلًا»، فيقترح شارل بيرو Charles Perrault على كولبير Colbert إنشاء أكاديمية تضم قسمًا خاصًا لـ «Belles Lettres» يشمل النحو والفصاحة والشعر.,##ult,punc,I-PERS
وفي القرن السابع عشر ينبثق مصطلح «Belles Lettres» «الأدب بوصفه فنًا جميلًا»، فيقترح شارل بيرو Charles Perrault على كولبير Colbert إنشاء أكاديمية تضم قسمًا خاصًا لـ «Belles Lettres» يشمل النحو والفصاحة والشعر.,كول,noun,B-PERS
وفي القرن السابع عشر ينبثق مصطلح «Belles Lettres» «الأدب بوصفه فنًا جميلًا»، فيقترح شارل بيرو Charles Perrault على كولبير Colbert إنشاء أكاديمية تضم قسمًا خاصًا لـ «Belles Lettres» يشمل النحو والفصاحة والشعر.,##بير,noun,I-PERS
وفي القرن السابع عشر ينبثق مصطلح «Belles Lettres» «الأدب بوصفه فنًا جميلًا»، فيقترح شارل بيرو Charles Perrault على كولبير Colbert إنشاء أكاديمية تضم قسمًا خاصًا لـ «Belles Lettres» يشمل النحو والفصاحة والشعر.,C,noun,B-PERS
وفي القرن السابع عشر ينبثق مصطلح «Belles Lettres» «الأدب بوصفه فنًا جميلًا»، فيقترح شارل بيرو Charles Perrault على كولبير Colbert إنشاء أكاديمية تضم قسمًا خاصًا لـ «Belles Lettres» يشمل النحو والفصاحة والشعر.,##ol,adj,B-PERS
وفي القرن السابع عشر ينبثق مصطلح «Belles Lettres» «الأدب بوصفه فنًا جميلًا»، فيقترح شارل بيرو Charles Perrault على كولبير Colbert إنشاء أكاديمية تضم قسمًا خاصًا لـ «Belles Lettres» يشمل النحو والفصاحة والشعر.,##ber,noun,B-PERS
بهذا المعنى الواسع يجدها الباحث لدى إخوان الصفا في القرن الرابع الهجري عندما استخدموها في رسائلهم للدلالة على علوم السحر والكيمياء والحساب والمعاملات والتجارة فضلًا عن علوم القرآن والبيان والتاريخ والأخبار.,إخ,pron_dem,B-ORG
بهذا المعنى الواسع يجدها الباحث لدى إخوان الصفا في القرن الرابع الهجري عندما استخدموها في رسائلهم للدلالة على علوم السحر والكيمياء والحساب والمعاملات والتجارة فضلًا عن علوم القرآن والبيان والتاريخ والأخبار.,##وان,noun,B-ORG
بهذا المعنى الواسع يجدها الباحث لدى إخوان الصفا في القرن الرابع الهجري عندما استخدموها في رسائلهم للدلالة على علوم السحر والكيمياء والحساب والمعاملات والتجارة فضلًا عن علوم القرآن والبيان والتاريخ والأخبار.,الصفا,adj,I-ORG
"الجائزة والتقدير
ليست قصيدة مفردة، لكن «أتحدّث عن المدينة» مُعنونة ضمن كتابات باث الأكثر تأثيرًا؛ وقد ساهم هذا النص، ضمن مجموعة أعماله، في تعزيز مكانته كواحد من أهم المنظرين للحياة الحضرية في الوطنين الأمريكي واللاتيني، ما أدى -جزئيًّا- إلى منحه جائزة نوبل في الأدب عام 1990 تقديرًا لإبداعه الذي ""يجمع بين الحس الشعري والفكر النقدي بوضوح شفاف"" .",با,noun,B-PERS
"الجائزة والتقدير
ليست قصيدة مفردة، لكن «أتحدّث عن المدينة» مُعنونة ضمن كتابات باث الأكثر تأثيرًا؛ وقد ساهم هذا النص، ضمن مجموعة أعماله، في تعزيز مكانته كواحد من أهم المنظرين للحياة الحضرية في الوطنين الأمريكي واللاتيني، ما أدى -جزئيًّا- إلى منحه جائزة نوبل في الأدب عام 1990 تقديرًا لإبداعه الذي ""يجمع بين الحس الشعري والفكر النقدي بوضوح شفاف"" .",نوبل,noun,B-MISC
وقد استمر الجمع بين معنيي التهذيب والتعليم في العصر العباسي كما يلاحظ في كتاب الأدب الصغير والأدب الكبير لابن المقفع.,لابن,part_verb,B-PERS
وقد استمر الجمع بين معنيي التهذيب والتعليم في العصر العباسي كما يلاحظ في كتاب الأدب الصغير والأدب الكبير لابن المقفع.,المق,verb,I-PERS
وقد استمر الجمع بين معنيي التهذيب والتعليم في العصر العباسي كما يلاحظ في كتاب الأدب الصغير والأدب الكبير لابن المقفع.,##فع,noun,I-PERS
بوجه عام يمكن القول إن الكلمة كانت تطلق في القرنين الثاني والثالث الهجريين وما تلاهما من قرون على معرفة أشعار العرب وأخبارهم، وكان المؤلفون العرب يصنفون كتبًا ينعتونها بأنها كتب أدب مثل «البيان والتبيين» للجاحظ (ت255هـ)، و«عيون الأخبار» لابن قتيبة (ت276هـ)، و«الكامل في اللغة والأدب» للمبرِّد (ت285هـ)، و«العقد الفريد» لابن عبد ربه (ت328هـ)، و«زهر الآداب» للحصري (ت453هـ).,البيان,noun,B-MISC
بوجه عام يمكن القول إن الكلمة كانت تطلق في القرنين الثاني والثالث الهجريين وما تلاهما من قرون على معرفة أشعار العرب وأخبارهم، وكان المؤلفون العرب يصنفون كتبًا ينعتونها بأنها كتب أدب مثل «البيان والتبيين» للجاحظ (ت255هـ)، و«عيون الأخبار» لابن قتيبة (ت276هـ)، و«الكامل في اللغة والأدب» للمبرِّد (ت285هـ)، و«العقد الفريد» لابن عبد ربه (ت328هـ)، و«زهر الآداب» للحصري (ت453هـ).,والتب,adj,I-MISC
بوجه عام يمكن القول إن الكلمة كانت تطلق في القرنين الثاني والثالث الهجريين وما تلاهما من قرون على معرفة أشعار العرب وأخبارهم، وكان المؤلفون العرب يصنفون كتبًا ينعتونها بأنها كتب أدب مثل «البيان والتبيين» للجاحظ (ت255هـ)، و«عيون الأخبار» لابن قتيبة (ت276هـ)، و«الكامل في اللغة والأدب» للمبرِّد (ت285هـ)، و«العقد الفريد» لابن عبد ربه (ت328هـ)، و«زهر الآداب» للحصري (ت453هـ).,للج,verb,B-PERS
بوجه عام يمكن القول إن الكلمة كانت تطلق في القرنين الثاني والثالث الهجريين وما تلاهما من قرون على معرفة أشعار العرب وأخبارهم، وكان المؤلفون العرب يصنفون كتبًا ينعتونها بأنها كتب أدب مثل «البيان والتبيين» للجاحظ (ت255هـ)، و«عيون الأخبار» لابن قتيبة (ت276هـ)، و«الكامل في اللغة والأدب» للمبرِّد (ت285هـ)، و«العقد الفريد» لابن عبد ربه (ت328هـ)، و«زهر الآداب» للحصري (ت453هـ).,##اح,noun,B-PERS
بوجه عام يمكن القول إن الكلمة كانت تطلق في القرنين الثاني والثالث الهجريين وما تلاهما من قرون على معرفة أشعار العرب وأخبارهم، وكان المؤلفون العرب يصنفون كتبًا ينعتونها بأنها كتب أدب مثل «البيان والتبيين» للجاحظ (ت255هـ)، و«عيون الأخبار» لابن قتيبة (ت276هـ)، و«الكامل في اللغة والأدب» للمبرِّد (ت285هـ)، و«العقد الفريد» لابن عبد ربه (ت328هـ)، و«زهر الآداب» للحصري (ت453هـ).,##ظ,abbrev,I-PERS
بوجه عام يمكن القول إن الكلمة كانت تطلق في القرنين الثاني والثالث الهجريين وما تلاهما من قرون على معرفة أشعار العرب وأخبارهم، وكان المؤلفون العرب يصنفون كتبًا ينعتونها بأنها كتب أدب مثل «البيان والتبيين» للجاحظ (ت255هـ)، و«عيون الأخبار» لابن قتيبة (ت276هـ)، و«الكامل في اللغة والأدب» للمبرِّد (ت285هـ)، و«العقد الفريد» لابن عبد ربه (ت328هـ)، و«زهر الآداب» للحصري (ت453هـ).,لابن,noun,B-PERS
بوجه عام يمكن القول إن الكلمة كانت تطلق في القرنين الثاني والثالث الهجريين وما تلاهما من قرون على معرفة أشعار العرب وأخبارهم، وكان المؤلفون العرب يصنفون كتبًا ينعتونها بأنها كتب أدب مثل «البيان والتبيين» للجاحظ (ت255هـ)، و«عيون الأخبار» لابن قتيبة (ت276هـ)، و«الكامل في اللغة والأدب» للمبرِّد (ت285هـ)، و«العقد الفريد» لابن عبد ربه (ت328هـ)، و«زهر الآداب» للحصري (ت453هـ).,قتي,verb,I-PERS
بوجه عام يمكن القول إن الكلمة كانت تطلق في القرنين الثاني والثالث الهجريين وما تلاهما من قرون على معرفة أشعار العرب وأخبارهم، وكان المؤلفون العرب يصنفون كتبًا ينعتونها بأنها كتب أدب مثل «البيان والتبيين» للجاحظ (ت255هـ)، و«عيون الأخبار» لابن قتيبة (ت276هـ)، و«الكامل في اللغة والأدب» للمبرِّد (ت285هـ)، و«العقد الفريد» لابن عبد ربه (ت328هـ)، و«زهر الآداب» للحصري (ت453هـ).,##بة,verb,I-PERS
بوجه عام يمكن القول إن الكلمة كانت تطلق في القرنين الثاني والثالث الهجريين وما تلاهما من قرون على معرفة أشعار العرب وأخبارهم، وكان المؤلفون العرب يصنفون كتبًا ينعتونها بأنها كتب أدب مثل «البيان والتبيين» للجاحظ (ت255هـ)، و«عيون الأخبار» لابن قتيبة (ت276هـ)، و«الكامل في اللغة والأدب» للمبرِّد (ت285هـ)، و«العقد الفريد» لابن عبد ربه (ت328هـ)، و«زهر الآداب» للحصري (ت453هـ).,الكامل,prep,B-MISC
بوجه عام يمكن القول إن الكلمة كانت تطلق في القرنين الثاني والثالث الهجريين وما تلاهما من قرون على معرفة أشعار العرب وأخبارهم، وكان المؤلفون العرب يصنفون كتبًا ينعتونها بأنها كتب أدب مثل «البيان والتبيين» للجاحظ (ت255هـ)، و«عيون الأخبار» لابن قتيبة (ت276هـ)، و«الكامل في اللغة والأدب» للمبرِّد (ت285هـ)، و«العقد الفريد» لابن عبد ربه (ت328هـ)، و«زهر الآداب» للحصري (ت453هـ).,العقد,noun,B-MISC
بوجه عام يمكن القول إن الكلمة كانت تطلق في القرنين الثاني والثالث الهجريين وما تلاهما من قرون على معرفة أشعار العرب وأخبارهم، وكان المؤلفون العرب يصنفون كتبًا ينعتونها بأنها كتب أدب مثل «البيان والتبيين» للجاحظ (ت255هـ)، و«عيون الأخبار» لابن قتيبة (ت276هـ)، و«الكامل في اللغة والأدب» للمبرِّد (ت285هـ)، و«العقد الفريد» لابن عبد ربه (ت328هـ)، و«زهر الآداب» للحصري (ت453هـ).,الفري,noun,I-MISC
بوجه عام يمكن القول إن الكلمة كانت تطلق في القرنين الثاني والثالث الهجريين وما تلاهما من قرون على معرفة أشعار العرب وأخبارهم، وكان المؤلفون العرب يصنفون كتبًا ينعتونها بأنها كتب أدب مثل «البيان والتبيين» للجاحظ (ت255هـ)، و«عيون الأخبار» لابن قتيبة (ت276هـ)، و«الكامل في اللغة والأدب» للمبرِّد (ت285هـ)، و«العقد الفريد» لابن عبد ربه (ت328هـ)، و«زهر الآداب» للحصري (ت453هـ).,##د,adj_num,I-MISC
بوجه عام يمكن القول إن الكلمة كانت تطلق في القرنين الثاني والثالث الهجريين وما تلاهما من قرون على معرفة أشعار العرب وأخبارهم، وكان المؤلفون العرب يصنفون كتبًا ينعتونها بأنها كتب أدب مثل «البيان والتبيين» للجاحظ (ت255هـ)، و«عيون الأخبار» لابن قتيبة (ت276هـ)، و«الكامل في اللغة والأدب» للمبرِّد (ت285هـ)، و«العقد الفريد» لابن عبد ربه (ت328هـ)، و«زهر الآداب» للحصري (ت453هـ).,لابن,adj_num,B-PERS
بوجه عام يمكن القول إن الكلمة كانت تطلق في القرنين الثاني والثالث الهجريين وما تلاهما من قرون على معرفة أشعار العرب وأخبارهم، وكان المؤلفون العرب يصنفون كتبًا ينعتونها بأنها كتب أدب مثل «البيان والتبيين» للجاحظ (ت255هـ)، و«عيون الأخبار» لابن قتيبة (ت276هـ)، و«الكامل في اللغة والأدب» للمبرِّد (ت285هـ)، و«العقد الفريد» لابن عبد ربه (ت328هـ)، و«زهر الآداب» للحصري (ت453هـ).,عبد,adj,I-PERS
بوجه عام يمكن القول إن الكلمة كانت تطلق في القرنين الثاني والثالث الهجريين وما تلاهما من قرون على معرفة أشعار العرب وأخبارهم، وكان المؤلفون العرب يصنفون كتبًا ينعتونها بأنها كتب أدب مثل «البيان والتبيين» للجاحظ (ت255هـ)، و«عيون الأخبار» لابن قتيبة (ت276هـ)، و«الكامل في اللغة والأدب» للمبرِّد (ت285هـ)، و«العقد الفريد» لابن عبد ربه (ت328هـ)، و«زهر الآداب» للحصري (ت453هـ).,ربه,adj,I-PERS
بوجه عام يمكن القول إن الكلمة كانت تطلق في القرنين الثاني والثالث الهجريين وما تلاهما من قرون على معرفة أشعار العرب وأخبارهم، وكان المؤلفون العرب يصنفون كتبًا ينعتونها بأنها كتب أدب مثل «البيان والتبيين» للجاحظ (ت255هـ)، و«عيون الأخبار» لابن قتيبة (ت276هـ)، و«الكامل في اللغة والأدب» للمبرِّد (ت285هـ)، و«العقد الفريد» لابن عبد ربه (ت328هـ)، و«زهر الآداب» للحصري (ت453هـ).,زه,pron_rel,B-MISC
بوجه عام يمكن القول إن الكلمة كانت تطلق في القرنين الثاني والثالث الهجريين وما تلاهما من قرون على معرفة أشعار العرب وأخبارهم، وكان المؤلفون العرب يصنفون كتبًا ينعتونها بأنها كتب أدب مثل «البيان والتبيين» للجاحظ (ت255هـ)، و«عيون الأخبار» لابن قتيبة (ت276هـ)، و«الكامل في اللغة والأدب» للمبرِّد (ت285هـ)، و«العقد الفريد» لابن عبد ربه (ت328هـ)، و«زهر الآداب» للحصري (ت453هـ).,الآداب,verb,I-MISC
بوجه عام يمكن القول إن الكلمة كانت تطلق في القرنين الثاني والثالث الهجريين وما تلاهما من قرون على معرفة أشعار العرب وأخبارهم، وكان المؤلفون العرب يصنفون كتبًا ينعتونها بأنها كتب أدب مثل «البيان والتبيين» للجاحظ (ت255هـ)، و«عيون الأخبار» لابن قتيبة (ت276هـ)، و«الكامل في اللغة والأدب» للمبرِّد (ت285هـ)، و«العقد الفريد» لابن عبد ربه (ت328هـ)، و«زهر الآداب» للحصري (ت453هـ).,للح,noun,B-PERS
بوجه عام يمكن القول إن الكلمة كانت تطلق في القرنين الثاني والثالث الهجريين وما تلاهما من قرون على معرفة أشعار العرب وأخبارهم، وكان المؤلفون العرب يصنفون كتبًا ينعتونها بأنها كتب أدب مثل «البيان والتبيين» للجاحظ (ت255هـ)، و«عيون الأخبار» لابن قتيبة (ت276هـ)، و«الكامل في اللغة والأدب» للمبرِّد (ت285هـ)، و«العقد الفريد» لابن عبد ربه (ت328هـ)، و«زهر الآداب» للحصري (ت453هـ).,##صري,prep,B-PERS
فعلى سبيل المثال يعرف الأدب في طبعة عام 1721 لمعجم تريفو بأنه «مذهب، معرفة معمقة للآداب»، وثمة في «الموسوعة العظيمة» مقالة بتوقيع J.D أي Jaucourt Le chevalier تعرف الأدب بأنه مصطلح «يعني التبحر ومعرفة الأدب بوصفه فنًا جميلًا.,تري,prep,B-MISC
فعلى سبيل المثال يعرف الأدب في طبعة عام 1721 لمعجم تريفو بأنه «مذهب، معرفة معمقة للآداب»، وثمة في «الموسوعة العظيمة» مقالة بتوقيع J.D أي Jaucourt Le chevalier تعرف الأدب بأنه مصطلح «يعني التبحر ومعرفة الأدب بوصفه فنًا جميلًا.,##فو,noun,I-MISC
فعلى سبيل المثال يعرف الأدب في طبعة عام 1721 لمعجم تريفو بأنه «مذهب، معرفة معمقة للآداب»، وثمة في «الموسوعة العظيمة» مقالة بتوقيع J.D أي Jaucourt Le chevalier تعرف الأدب بأنه مصطلح «يعني التبحر ومعرفة الأدب بوصفه فنًا جميلًا.,J,noun,B-PERS
فعلى سبيل المثال يعرف الأدب في طبعة عام 1721 لمعجم تريفو بأنه «مذهب، معرفة معمقة للآداب»، وثمة في «الموسوعة العظيمة» مقالة بتوقيع J.D أي Jaucourt Le chevalier تعرف الأدب بأنه مصطلح «يعني التبحر ومعرفة الأدب بوصفه فنًا جميلًا.,D,verb,I-PERS
فعلى سبيل المثال يعرف الأدب في طبعة عام 1721 لمعجم تريفو بأنه «مذهب، معرفة معمقة للآداب»، وثمة في «الموسوعة العظيمة» مقالة بتوقيع J.D أي Jaucourt Le chevalier تعرف الأدب بأنه مصطلح «يعني التبحر ومعرفة الأدب بوصفه فنًا جميلًا.,أي,noun,I-PERS
فعلى سبيل المثال يعرف الأدب في طبعة عام 1721 لمعجم تريفو بأنه «مذهب، معرفة معمقة للآداب»، وثمة في «الموسوعة العظيمة» مقالة بتوقيع J.D أي Jaucourt Le chevalier تعرف الأدب بأنه مصطلح «يعني التبحر ومعرفة الأدب بوصفه فنًا جميلًا.,J,prep,B-PERS
فعلى سبيل المثال يعرف الأدب في طبعة عام 1721 لمعجم تريفو بأنه «مذهب، معرفة معمقة للآداب»، وثمة في «الموسوعة العظيمة» مقالة بتوقيع J.D أي Jaucourt Le chevalier تعرف الأدب بأنه مصطلح «يعني التبحر ومعرفة الأدب بوصفه فنًا جميلًا.,##a,noun,B-PERS
فعلى سبيل المثال يعرف الأدب في طبعة عام 1721 لمعجم تريفو بأنه «مذهب، معرفة معمقة للآداب»، وثمة في «الموسوعة العظيمة» مقالة بتوقيع J.D أي Jaucourt Le chevalier تعرف الأدب بأنه مصطلح «يعني التبحر ومعرفة الأدب بوصفه فنًا جميلًا.,##uc,noun,I-PERS
فعلى سبيل المثال يعرف الأدب في طبعة عام 1721 لمعجم تريفو بأنه «مذهب، معرفة معمقة للآداب»، وثمة في «الموسوعة العظيمة» مقالة بتوقيع J.D أي Jaucourt Le chevalier تعرف الأدب بأنه مصطلح «يعني التبحر ومعرفة الأدب بوصفه فنًا جميلًا.,##our,noun,I-PERS
فعلى سبيل المثال يعرف الأدب في طبعة عام 1721 لمعجم تريفو بأنه «مذهب، معرفة معمقة للآداب»، وثمة في «الموسوعة العظيمة» مقالة بتوقيع J.D أي Jaucourt Le chevalier تعرف الأدب بأنه مصطلح «يعني التبحر ومعرفة الأدب بوصفه فنًا جميلًا.,ch,digit,I-PERS
فعلى سبيل المثال يعرف الأدب في طبعة عام 1721 لمعجم تريفو بأنه «مذهب، معرفة معمقة للآداب»، وثمة في «الموسوعة العظيمة» مقالة بتوقيع J.D أي Jaucourt Le chevalier تعرف الأدب بأنه مصطلح «يعني التبحر ومعرفة الأدب بوصفه فنًا جميلًا.,##e,digit,I-PERS
فعلى سبيل المثال يعرف الأدب في طبعة عام 1721 لمعجم تريفو بأنه «مذهب، معرفة معمقة للآداب»، وثمة في «الموسوعة العظيمة» مقالة بتوقيع J.D أي Jaucourt Le chevalier تعرف الأدب بأنه مصطلح «يعني التبحر ومعرفة الأدب بوصفه فنًا جميلًا.,##v,noun_prop,I-PERS
فعلى سبيل المثال يعرف الأدب في طبعة عام 1721 لمعجم تريفو بأنه «مذهب، معرفة معمقة للآداب»، وثمة في «الموسوعة العظيمة» مقالة بتوقيع J.D أي Jaucourt Le chevalier تعرف الأدب بأنه مصطلح «يعني التبحر ومعرفة الأدب بوصفه فنًا جميلًا.,##al,noun_prop,I-PERS
فعلى سبيل المثال يعرف الأدب في طبعة عام 1721 لمعجم تريفو بأنه «مذهب، معرفة معمقة للآداب»، وثمة في «الموسوعة العظيمة» مقالة بتوقيع J.D أي Jaucourt Le chevalier تعرف الأدب بأنه مصطلح «يعني التبحر ومعرفة الأدب بوصفه فنًا جميلًا.,##ie,noun_prop,I-PERS
ويبدو أن هذا المصطلح كان مطابقًا في دلالته لمصطلح «الآداب الإنسانية» letters humanies كما يرد في معجم تريفو Dictionnaire de Trevoux الذي يعود إلى عام 1704م، ولا ينطوي على أي من الدلالات غير المستحبة التي تتضمنها صفة «belletistic» التي تستخدم اليوم للدلالة على المغالاة في تذوق الأدب لذاته استنادًا إلى ذاتية المتلقي من دون أخذ المعايير النقدية أو الأغراض الأخلاقية أو القيم الجمالية والفنية بالحسبان.,تري,verb,B-ORG
ويبدو أن هذا المصطلح كان مطابقًا في دلالته لمصطلح «الآداب الإنسانية» letters humanies كما يرد في معجم تريفو Dictionnaire de Trevoux الذي يعود إلى عام 1704م، ولا ينطوي على أي من الدلالات غير المستحبة التي تتضمنها صفة «belletistic» التي تستخدم اليوم للدلالة على المغالاة في تذوق الأدب لذاته استنادًا إلى ذاتية المتلقي من دون أخذ المعايير النقدية أو الأغراض الأخلاقية أو القيم الجمالية والفنية بالحسبان.,##فو,conj_sub,I-ORG
ويبدو أن هذا المصطلح كان مطابقًا في دلالته لمصطلح «الآداب الإنسانية» letters humanies كما يرد في معجم تريفو Dictionnaire de Trevoux الذي يعود إلى عام 1704م، ولا ينطوي على أي من الدلالات غير المستحبة التي تتضمنها صفة «belletistic» التي تستخدم اليوم للدلالة على المغالاة في تذوق الأدب لذاته استنادًا إلى ذاتية المتلقي من دون أخذ المعايير النقدية أو الأغراض الأخلاقية أو القيم الجمالية والفنية بالحسبان.,##ic,pron_dem,B-ORG
ويبدو أن هذا المصطلح كان مطابقًا في دلالته لمصطلح «الآداب الإنسانية» letters humanies كما يرد في معجم تريفو Dictionnaire de Trevoux الذي يعود إلى عام 1704م، ولا ينطوي على أي من الدلالات غير المستحبة التي تتضمنها صفة «belletistic» التي تستخدم اليوم للدلالة على المغالاة في تذوق الأدب لذاته استنادًا إلى ذاتية المتلقي من دون أخذ المعايير النقدية أو الأغراض الأخلاقية أو القيم الجمالية والفنية بالحسبان.,Tr,noun,B-LOC
ويبدو أن هذا المصطلح كان مطابقًا في دلالته لمصطلح «الآداب الإنسانية» letters humanies كما يرد في معجم تريفو Dictionnaire de Trevoux الذي يعود إلى عام 1704م، ولا ينطوي على أي من الدلالات غير المستحبة التي تتضمنها صفة «belletistic» التي تستخدم اليوم للدلالة على المغالاة في تذوق الأدب لذاته استنادًا إلى ذاتية المتلقي من دون أخذ المعايير النقدية أو الأغراض الأخلاقية أو القيم الجمالية والفنية بالحسبان.,##e,verb,B-LOC
ويبدو أن هذا المصطلح كان مطابقًا في دلالته لمصطلح «الآداب الإنسانية» letters humanies كما يرد في معجم تريفو Dictionnaire de Trevoux الذي يعود إلى عام 1704م، ولا ينطوي على أي من الدلالات غير المستحبة التي تتضمنها صفة «belletistic» التي تستخدم اليوم للدلالة على المغالاة في تذوق الأدب لذاته استنادًا إلى ذاتية المتلقي من دون أخذ المعايير النقدية أو الأغراض الأخلاقية أو القيم الجمالية والفنية بالحسبان.,##v,adj,I-ORG
ويبدو أن هذا المصطلح كان مطابقًا في دلالته لمصطلح «الآداب الإنسانية» letters humanies كما يرد في معجم تريفو Dictionnaire de Trevoux الذي يعود إلى عام 1704م، ولا ينطوي على أي من الدلالات غير المستحبة التي تتضمنها صفة «belletistic» التي تستخدم اليوم للدلالة على المغالاة في تذوق الأدب لذاته استنادًا إلى ذاتية المتلقي من دون أخذ المعايير النقدية أو الأغراض الأخلاقية أو القيم الجمالية والفنية بالحسبان.,##ou,prep,I-ORG
ويبدو أن هذا المصطلح كان مطابقًا في دلالته لمصطلح «الآداب الإنسانية» letters humanies كما يرد في معجم تريفو Dictionnaire de Trevoux الذي يعود إلى عام 1704م، ولا ينطوي على أي من الدلالات غير المستحبة التي تتضمنها صفة «belletistic» التي تستخدم اليوم للدلالة على المغالاة في تذوق الأدب لذاته استنادًا إلى ذاتية المتلقي من دون أخذ المعايير النقدية أو الأغراض الأخلاقية أو القيم الجمالية والفنية بالحسبان.,##x,noun,I-ORG
